Run,Frame,SSIM,PSNR,Pixel Dist,Pixel Dist To Center,Total pixels,FN,FP
3500,0,0.9756,31.80,9.00,31.00,14587.00,14.00,182.00
3500,1,0.9850,34.15,8.00,4.00,17528.00,8.00,181.00
3500,2,0.9899,34.58,5.00,45.00,19326.00,11.00,162.00
3500,3,0.9927,37.01,1.00,95.00,24005.00,14.00,148.00
3500,4,0.9824,33.80,2.00,157.00,28896.00,39.00,147.00
3500,5,0.9650,30.78,5.00,210.00,37477.00,36.00,281.00
3500,6,0.9486,29.75,6.00,310.00,46873.00,225.00,648.00
3500,7,0.7699,20.17,11.00,365.00,18977.00,644.00,550.00
3501,0,0.9556,30.76,3.00,184.00,20125.00,141.00,247.00
3501,1,0.9608,31.32,0.00,167.00,21380.00,141.00,278.00
3501,2,0.9604,31.56,1.00,112.00,20020.00,131.00,293.00
3501,3,0.9812,34.28,2.00,26.00,21407.00,111.00,152.00
3501,4,0.9467,30.57,11.00,160.00,19072.00,201.00,214.00
3501,6,0.7063,21.71,17.00,364.00,13180.00,220.00,657.00
3502,0,0.9722,31.01,4.00,167.00,14115.00,38.00,138.00
3502,1,0.9761,31.93,4.00,168.00,13982.00,29.00,136.00
3502,2,0.9768,31.86,4.00,167.00,13951.00,54.00,139.00
3502,3,0.9764,32.08,3.00,164.00,14181.00,40.00,149.00
3502,4,0.9769,32.24,3.00,164.00,14212.00,36.00,132.00
3502,5,0.9783,32.42,4.00,164.00,14204.00,46.00,139.00
3502,6,0.9785,32.51,4.00,163.00,14180.00,37.00,108.00
3502,7,0.9776,32.18,3.00,161.00,14296.00,40.00,120.00
3502,8,0.9663,31.58,3.00,155.00,16171.00,57.00,142.00
3502,9,0.9749,32.26,1.00,139.00,16555.00,71.00,170.00
3503,0,0.9287,28.59,17.00,178.00,35639.00,14.00,374.00
3503,2,0.9198,27.19,15.00,177.00,35448.00,43.00,429.00
3503,3,0.9174,26.74,15.00,178.00,35365.00,44.00,412.00
3503,4,0.9229,27.03,16.00,181.00,35203.00,56.00,438.00
3503,5,0.9264,28.47,16.00,187.00,34859.00,50.00,395.00
3503,6,0.9433,29.35,14.00,176.00,33473.00,33.00,289.00
3503,7,0.9527,30.13,14.00,147.00,31470.00,29.00,292.00
3503,8,0.9722,32.19,12.00,107.00,29001.00,16.00,206.00
3503,9,0.9763,32.58,8.00,69.00,24906.00,3.00,169.00
3504,0,0.9133,23.60,0.00,43.00,16462.00,263.00,297.00
3504,1,0.9163,24.03,1.00,43.00,16620.00,314.00,346.00
3504,2,0.9163,24.26,1.00,42.00,16631.00,337.00,338.00
3504,3,0.9110,23.67,0.00,41.00,16566.00,366.00,343.00
3504,4,0.9174,23.49,8.00,27.00,15854.00,219.00,374.00
3504,5,0.9475,27.80,13.00,18.00,14438.00,66.00,305.00
3504,6,0.9446,27.82,24.00,28.00,12310.00,50.00,245.00
3504,8,0.9390,25.37,9.00,18.00,14538.00,75.00,203.00
3504,9,0.9020,23.04,1.00,18.00,14433.00,107.00,566.00
3505,0,0.9164,28.19,15.00,43.00,17165.00,36.00,438.00
3505,1,0.9136,27.83,13.00,40.00,17471.00,66.00,435.00
3505,2,0.9121,27.69,15.00,39.00,17254.00,56.00,427.00
3505,3,0.8802,23.68,20.00,26.00,19791.00,92.00,480.00
3505,4,0.8873,25.71,21.00,21.00,20005.00,45.00,480.00
3505,5,0.8896,25.45,21.00,21.00,20558.00,47.00,407.00
3505,6,0.8749,25.32,20.00,26.00,19451.00,42.00,401.00
3505,7,0.9136,28.23,19.00,15.00,17434.00,44.00,456.00
3505,8,0.9271,28.48,18.00,14.00,17633.00,43.00,403.00
3505,9,0.9268,28.56,18.00,9.00,18247.00,45.00,451.00
3506,0,0.4897,16.31,88.00,44.00,53320.00,4695.00,3464.00
3506,1,0.4909,16.55,88.00,44.00,53729.00,4781.00,2277.00
3506,2,0.4945,16.65,87.00,43.00,54130.00,4110.00,3013.00
3501,5,0.9186,28.58,23.00,285.00,19938.00,95.00,571.00
3503,1,0.9201,27.63,17.00,177.00,35210.00,40.00,391.00
3504,7,0.9461,26.98,19.00,20.00,12885.00,44.00,250.00
3506,3,0.5003,16.68,86.00,45.00,54035.00,3962.00,3180.00
3507,9,0.9726,31.47,7.00,94.00,19813.00,95.00,286.00
3509,5,0.8941,26.11,5.00,39.00,27378.00,375.00,544.00
3511,1,0.9627,28.91,14.00,75.00,15048.00,23.00,382.00
3512,7,0.9702,32.83,6.00,170.00,10874.00,26.00,143.00
3514,3,0.9876,36.16,7.00,138.00,17488.00,6.00,137.00
3515,9,0.4269,11.18,136.00,347.00,33861.00,10244.00,16702.00
3517,5,0.6052,18.50,21.00,247.00,21795.00,930.00,1199.00
3519,3,0.7660,20.78,38.00,117.00,55673.00,717.00,1940.00
3521,0,0.8865,25.51,2.00,94.00,23083.00,213.00,340.00
3522,6,0.9495,25.75,7.00,69.00,30273.00,169.00,469.00
3506,4,0.4889,16.48,84.00,57.00,52712.00,4421.00,3184.00
3506,5,0.4931,16.69,77.00,60.00,50757.00,3261.00,2230.00
3506,6,0.5404,17.75,63.00,62.00,47626.00,1921.00,1524.00
3506,7,0.5856,18.68,43.00,78.00,45590.00,1466.00,2612.00
3506,8,0.5880,18.47,35.00,81.00,42339.00,1615.00,2795.00
3506,9,0.6537,19.06,21.00,87.00,39770.00,1416.00,1767.00
3507,0,0.8372,26.26,32.00,18.00,32554.00,75.00,1034.00
3507,1,0.8407,26.25,33.00,16.00,32641.00,73.00,994.00
3507,2,0.8414,26.08,32.00,16.00,32500.00,69.00,1032.00
3507,3,0.8267,25.77,31.00,15.00,32065.00,106.00,983.00
3507,4,0.8474,25.97,29.00,14.00,29746.00,80.00,850.00
3507,5,0.8651,26.56,23.00,11.00,27160.00,133.00,698.00
3507,6,0.9258,28.31,14.00,25.00,25641.00,116.00,431.00
3507,7,0.9561,29.52,7.00,51.00,22912.00,75.00,300.00
3507,8,0.9687,30.99,7.00,68.00,20578.00,108.00,222.00
3508,0,0.9388,28.51,13.00,56.00,15281.00,34.00,387.00
3508,1,0.9341,28.12,19.00,9.00,17499.00,82.00,414.00
3508,2,0.9341,28.52,16.00,46.00,16760.00,79.00,321.00
3508,3,0.9412,28.56,9.00,81.00,15763.00,79.00,210.00
3508,4,0.9366,27.94,9.00,131.00,15371.00,107.00,250.00
3508,5,0.8839,25.36,7.00,181.00,13766.00,157.00,356.00
3508,6,0.9376,28.31,4.00,244.00,17545.00,125.00,201.00
3508,7,0.9090,26.29,5.00,278.00,19207.00,257.00,408.00
3508,8,0.8816,23.82,2.00,268.00,16211.00,221.00,270.00
3508,9,0.9306,27.31,1.00,241.00,15540.00,94.00,254.00
3509,0,0.8982,25.46,4.00,52.00,33607.00,489.00,549.00
3509,1,0.8969,25.37,5.00,53.00,33744.00,481.00,577.00
3509,2,0.9207,27.52,5.00,31.00,32009.00,379.00,387.00
3509,3,0.8832,25.93,1.00,26.00,30624.00,430.00,601.00
3509,4,0.8865,25.35,11.00,37.00,29593.00,454.00,500.00
3509,6,0.8871,26.00,3.00,36.00,26612.00,374.00,514.00
3509,7,0.9196,27.45,6.00,26.00,25303.00,232.00,341.00
3509,8,0.9331,26.88,14.00,19.00,23891.00,226.00,372.00
3509,9,0.8877,24.44,18.00,16.00,23224.00,421.00,732.00
3510,0,0.8744,26.44,22.00,148.00,16090.00,144.00,447.00
3510,1,0.8594,26.14,22.00,146.00,15980.00,194.00,417.00
3510,2,0.8510,26.21,22.00,145.00,15942.00,152.00,436.00
3510,3,0.8673,26.60,22.00,144.00,15994.00,132.00,419.00
3510,4,0.8499,26.26,22.00,145.00,16061.00,135.00,441.00
3510,5,0.8590,26.15,22.00,145.00,16098.00,176.00,428.00
3510,6,0.8570,26.21,22.00,146.00,16086.00,170.00,426.00
3510,7,0.8417,25.73,21.00,144.00,16148.00,217.00,455.00
3510,8,0.8104,25.12,22.00,140.00,14786.00,165.00,389.00
3510,9,0.8835,27.69,20.00,128.00,15269.00,113.00,357.00
3511,0,0.9623,28.80,14.00,76.00,15193.00,14.00,374.00
3511,2,0.9643,28.75,14.00,77.00,15105.00,27.00,352.00
3511,3,0.9613,28.78,13.00,80.00,14887.00,17.00,346.00
3511,4,0.9596,29.01,13.00,81.00,14841.00,21.00,333.00
3511,5,0.9735,30.93,11.00,69.00,15921.00,13.00,271.00
3511,6,0.9710,29.39,8.00,55.00,16944.00,22.00,180.00
3511,7,0.9857,32.70,6.00,40.00,18262.00,23.00,195.00
3511,8,0.9743,30.54,1.00,16.00,19960.00,29.00,170.00
3511,9,0.9471,27.79,12.00,28.00,24088.00,36.00,333.00
3512,0,0.9831,34.02,8.00,42.00,9848.00,6.00,151.00
3512,1,0.9638,29.97,5.00,59.00,10218.00,17.00,139.00
3512,2,0.9640,31.06,8.00,78.00,9598.00,15.00,130.00
3512,3,0.9762,33.26,9.00,93.00,9905.00,9.00,118.00
3512,4,0.9746,33.14,5.00,114.00,10084.00,19.00,144.00
3512,5,0.9683,31.53,8.00,130.00,9089.00,25.00,188.00
3512,6,0.9596,30.30,9.00,141.00,10144.00,26.00,136.00
3512,8,0.9597,30.87,9.00,181.00,10126.00,41.00,146.00
3512,9,0.9511,29.15,6.00,191.00,10735.00,44.00,141.00
3513,0,0.8784,24.81,3.00,4.00,23204.00,437.00,414.00
3513,1,0.9029,25.38,3.00,4.00,24298.00,390.00,404.00
3513,2,0.8730,24.23,4.00,4.00,24314.00,575.00,547.00
3513,3,0.7856,23.03,4.00,15.00,23281.00,524.00,627.00
3513,4,0.8102,24.06,8.00,76.00,25390.00,681.00,753.00
3513,5,0.8001,23.02,1.00,137.00,25647.00,770.00,675.00
3513,6,0.7932,23.44,3.00,76.00,24205.00,682.00,793.00
3513,7,0.7716,22.57,11.00,19.00,26314.00,740.00,1015.00
3513,8,0.8893,26.25,8.00,4.00,27667.00,402.00,422.00
3513,9,0.8927,26.07,10.00,5.00,27566.00,420.00,373.00
3514,0,0.9864,35.79,7.00,137.00,17227.00,6.00,119.00
3514,1,0.9875,36.12,7.00,137.00,17257.00,6.00,112.00
3514,2,0.9875,36.07,7.00,138.00,17561.00,3.00,138.00
3514,4,0.9876,36.11,7.00,141.00,17812.00,7.00,142.00
3514,5,0.9867,35.85,7.00,145.00,18145.00,5.00,111.00
3514,6,0.9873,35.63,6.00,133.00,18646.00,8.00,128.00
3514,7,0.9896,35.64,6.00,115.00,19324.00,7.00,102.00
3514,8,0.9924,35.51,5.00,91.00,20085.00,9.00,114.00
3514,9,0.9937,35.69,4.00,67.00,20006.00,8.00,58.00
3515,0,0.9050,26.41,25.00,37.00,14085.00,40.00,441.00
3515,1,0.8945,25.79,24.00,42.00,14602.00,67.00,479.00
3515,2,0.8590,23.99,12.00,31.00,13612.00,45.00,308.00
3515,3,0.8897,24.98,8.00,15.00,15298.00,91.00,217.00
3515,4,0.8123,22.53,16.00,8.00,18002.00,176.00,895.00
3515,5,0.6535,20.41,39.00,47.00,25316.00,315.00,1451.00
3515,6,0.3872,16.31,70.00,95.00,27110.00,820.00,1644.00
3515,7,0.3717,13.47,123.00,165.00,40873.00,4088.00,6796.00
3515,8,0.3866,10.78,150.00,211.00,48274.00,10912.00,14914.00
3516,0,0.8789,23.53,14.00,64.00,28993.00,44.00,507.00
3516,1,0.9312,27.29,10.00,72.00,31552.00,115.00,397.00
3516,2,0.9370,27.97,11.00,85.00,30033.00,116.00,464.00
3516,3,0.9280,26.01,6.00,99.00,30892.00,164.00,443.00
3516,4,0.9538,27.20,7.00,63.00,33582.00,116.00,280.00
3516,5,0.9601,28.44,2.00,73.00,28977.00,116.00,275.00
3516,6,0.9396,25.80,3.00,56.00,23774.00,44.00,373.00
3516,7,0.9583,28.79,6.00,61.00,35867.00,98.00,422.00
3516,8,0.9518,27.97,11.00,60.00,35908.00,59.00,456.00
3516,9,0.9533,28.13,11.00,61.00,37057.00,59.00,569.00
3517,0,0.9084,25.31,18.00,112.00,11304.00,48.00,346.00
3517,1,0.9590,28.73,7.00,71.00,13895.00,82.00,210.00
3517,2,0.9673,30.55,7.00,35.00,15043.00,39.00,212.00
3517,3,0.9005,26.49,14.00,52.00,16871.00,131.00,394.00
3517,4,0.7702,22.39,18.00,132.00,17041.00,293.00,725.00
3517,6,0.6399,20.03,12.00,369.00,19544.00,152.00,781.00
3518,0,0.9950,40.23,2.00,19.00,23680.00,12.00,81.00
3518,1,0.9951,40.17,1.00,19.00,23704.00,6.00,74.00
3518,2,0.9952,39.98,2.00,21.00,23709.00,11.00,90.00
3518,3,0.9950,39.81,1.00,24.00,23757.00,11.00,85.00
3518,4,0.9953,40.21,1.00,26.00,23750.00,16.00,76.00
3518,5,0.9953,40.00,1.00,26.00,23560.00,7.00,82.00
3518,6,0.9951,39.68,1.00,26.00,23321.00,8.00,87.00
3518,7,0.9951,39.41,1.00,27.00,23223.00,8.00,82.00
3518,8,0.9952,38.99,1.00,31.00,23117.00,8.00,99.00
3518,9,0.9948,38.60,1.00,36.00,23014.00,5.00,87.00
3519,0,0.6607,18.58,51.00,145.00,63600.00,1598.00,1905.00
3519,1,0.6408,17.89,58.00,156.00,64768.00,1515.00,2582.00
3519,2,0.6443,17.80,58.00,142.00,62769.00,1841.00,2502.00
3519,4,0.8866,25.28,17.00,69.00,48462.00,344.00,842.00
3519,5,0.9457,27.96,4.00,21.00,41392.00,248.00,418.00
3519,6,0.9445,26.53,13.00,9.00,35809.00,164.00,566.00
3519,7,0.9390,26.82,21.00,10.00,34583.00,111.00,596.00
3519,8,0.9421,26.67,15.00,7.00,35341.00,108.00,539.00
3520,0,0.9387,30.10,32.00,16.00,27271.00,146.00,420.00
3520,1,0.9634,31.93,22.00,22.00,30859.00,41.00,567.00
3520,2,0.9788,34.23,12.00,48.00,36843.00,110.00,405.00
3520,3,0.9639,31.20,3.00,87.00,44059.00,241.00,352.00
3520,4,0.9173,27.27,20.00,106.00,51643.00,343.00,1184.00
3520,5,0.8574,25.72,43.00,111.00,64962.00,957.00,1609.00
3520,6,0.6897,21.12,70.00,144.00,75934.00,1868.00,1826.00
3520,7,0.6762,19.43,94.00,226.00,98304.00,2801.00,4137.00
3520,8,0.5757,15.39,77.00,263.00,116821.00,4601.00,13455.00
3520,9,0.6674,15.38,125.00,300.00,94728.00,4433.00,30504.00
3521,1,0.8876,25.57,2.00,96.00,23110.00,241.00,297.00
3521,2,0.8815,25.26,3.00,96.00,23218.00,221.00,334.00
3521,3,0.8971,25.89,2.00,96.00,23480.00,205.00,309.00
3521,4,0.8729,25.34,3.00,97.00,23282.00,188.00,266.00
3521,5,0.8140,24.26,2.00,101.00,23201.00,168.00,400.00
3521,6,0.8622,24.80,6.00,95.00,23712.00,192.00,720.00
3521,7,0.8135,22.55,12.00,85.00,24031.00,291.00,1126.00
3521,8,0.7354,21.20,17.00,77.00,23939.00,215.00,1092.00
3521,9,0.7614,21.91,23.00,67.00,29414.00,271.00,875.00
3522,0,0.9615,29.32,1.00,24.00,24577.00,21.00,288.00
3522,1,0.9560,30.01,3.00,26.00,24310.00,11.00,254.00
3522,2,0.9646,31.60,4.00,40.00,25449.00,29.00,246.00
3522,3,0.9651,32.46,0.00,49.00,25507.00,35.00,166.00
3522,4,0.9814,34.25,2.00,50.00,25668.00,36.00,177.00
3522,5,0.9771,31.98,1.00,73.00,28507.00,39.00,255.00
3522,7,0.9641,30.55,3.00,28.00,28003.00,59.00,347.00
3522,8,0.9542,29.02,10.00,5.00,27640.00,35.00,495.00
3522,9,0.9560,29.15,9.00,4.00,28168.00,51.00,480.00
3523,0,0.9177,25.28,31.00,24.00,27189.00,272.00,688.00
3523,1,0.9647,31.88,9.00,16.00,28016.00,143.00,277.00
3523,2,0.9556,30.86,12.00,30.00,27969.00,96.00,351.00
3523,3,0.9341,28.58,3.00,11.00,28137.00,166.00,407.00
3523,4,0.7490,22.14,0.00,9.00,27674.00,610.00,1224.00
3523,5,0.6863,18.36,10.00,39.00,25212.00,693.00,986.00
3523,6,0.6207,15.93,24.00,33.00,27372.00,596.00,1638.00
3523,7,0.8595,25.84,35.00,53.00,40153.00,384.00,663.00
3523,8,0.8076,24.55,19.00,46.00,44988.00,398.00,1491.00
3523,9,0.6917,21.55,57.00,62.00,56569.00,2203.00,2313.00
3524,0,0.9264,30.49,18.00,25.00,34456.00,88.00,551.00
3524,1,0.9617,32.68,15.00,29.00,36751.00,97.00,534.00
3524,2,0.9637,33.21,15.00,10.00,34040.00,85.00,449.00
3524,4,0.9607,32.96,15.00,12.00,35236.00,49.00,544.00
3524,5,0.9659,33.80,14.00,7.00,34494.00,39.00,474.00
3524,6,0.9661,33.69,14.00,19.00,32667.00,63.00,427.00
3524,7,0.9683,34.16,14.00,22.00,32922.00,61.00,432.00
3524,8,0.9638,33.65,13.00,14.00,33620.00,29.00,391.00
3524,9,0.9672,34.36,13.00,6.00,33836.00,48.00,388.00
3525,0,0.9927,35.82,2.00,21.00,19882.00,3.00,137.00
3525,1,0.9934,36.25,2.00,21.00,19907.00,8.00,138.00
3525,2,0.9933,36.26,2.00,21.00,19929.00,4.00,143.00
3525,3,0.9930,35.88,2.00,25.00,19751.00,1.00,148.00
3525,4,0.9943,37.19,3.00,27.00,18080.00,8.00,81.00
3525,5,0.9931,36.41,2.00,28.00,17858.00,7.00,93.00
3525,6,0.9947,37.54,2.00,28.00,18316.00,12.00,80.00
3525,7,0.9944,37.37,2.00,24.00,18260.00,8.00,76.00
3525,8,0.9940,37.40,3.00,25.00,17814.00,5.00,65.00
3526,0,0.8312,25.82,13.00,129.00,16712.00,281.00,373.00
3526,1,0.8095,25.36,14.00,126.00,16609.00,332.00,418.00
3526,2,0.8311,25.74,17.00,129.00,16211.00,285.00,336.00
3526,3,0.8130,25.55,16.00,132.00,16679.00,330.00,373.00
3526,4,0.7566,24.24,16.00,127.00,18521.00,381.00,717.00
3526,5,0.7641,24.20,24.00,124.00,20120.00,429.00,779.00
3526,6,0.8253,25.24,26.00,140.00,20423.00,385.00,665.00
3526,7,0.8346,25.17,25.00,141.00,20123.00,338.00,601.00
3526,8,0.8340,25.18,27.00,138.00,20050.00,396.00,603.00
3526,9,0.8284,24.93,25.00,137.00,19792.00,379.00,644.00
3527,0,0.9859,32.44,2.00,36.00,15248.00,53.00,142.00
3527,1,0.9856,32.42,2.00,36.00,15238.00,59.00,164.00
3527,2,0.9859,32.43,3.00,35.00,15301.00,78.00,151.00
3527,3,0.9869,33.06,2.00,41.00,15413.00,66.00,149.00
3527,4,0.9858,33.48,7.00,51.00,14829.00,40.00,194.00
3527,6,0.9816,32.22,8.00,55.00,15096.00,54.00,183.00
3527,7,0.9866,33.66,8.00,58.00,15167.00,40.00,191.00
3527,8,0.9809,32.61,8.00,49.00,14787.00,43.00,184.00
3527,9,0.9859,33.42,9.00,42.00,14615.00,38.00,153.00
3528,0,0.9728,31.28,12.00,14.00,35667.00,92.00,314.00
3528,1,0.9723,30.91,11.00,22.00,35562.00,90.00,369.00
3528,2,0.9696,30.68,11.00,29.00,35729.00,109.00,435.00
3528,3,0.9710,30.79,12.00,31.00,35481.00,111.00,401.00
3528,4,0.9677,30.59,13.00,33.00,35235.00,94.00,403.00
3528,5,0.9682,30.65,13.00,35.00,35768.00,94.00,357.00
3528,6,0.9673,30.37,13.00,34.00,36212.00,100.00,428.00
3528,7,0.9686,30.53,13.00,33.00,36437.00,103.00,439.00
3528,8,0.9658,30.46,11.00,32.00,35486.00,105.00,377.00
3528,9,0.9698,30.97,12.00,33.00,35312.00,101.00,403.00
3529,0,0.5440,18.65,42.00,124.00,25361.00,1151.00,1143.00
3529,2,0.5507,18.91,42.00,124.00,25379.00,1030.00,1136.00
3529,3,0.5452,18.70,42.00,124.00,25209.00,1068.00,816.00
3529,4,0.5577,18.75,44.00,124.00,25319.00,1104.00,797.00
3529,5,0.5563,18.56,45.00,125.00,25487.00,1236.00,953.00
3529,6,0.5527,18.52,45.00,127.00,25622.00,1231.00,976.00
3529,7,0.5485,18.66,44.00,128.00,25393.00,1168.00,942.00
3529,8,0.5497,18.68,39.00,126.00,25306.00,1055.00,907.00
3529,9,0.5549,18.79,37.00,125.00,25532.00,1074.00,888.00
3530,0,0.9581,33.45,16.00,42.00,29107.00,65.00,326.00
3530,1,0.9584,33.44,16.00,42.00,28942.00,66.00,319.00
3530,2,0.9574,33.41,18.00,42.00,28942.00,62.00,356.00
3530,3,0.9261,29.74,27.00,13.00,31253.00,144.00,552.00
3530,4,0.7872,23.56,30.00,34.00,27245.00,608.00,1149.00
3530,5,0.7440,22.08,23.00,20.00,20290.00,777.00,1077.00
3530,6,0.8287,24.68,22.00,11.00,22656.00,592.00,763.00
3530,8,0.8146,24.14,19.00,18.00,22028.00,518.00,667.00
3530,9,0.8209,24.31,19.00,20.00,21924.00,487.00,622.00
3531,0,0.9505,28.52,13.00,23.00,20782.00,70.00,415.00
3531,1,0.9486,28.34,13.00,23.00,20779.00,72.00,416.00
3531,2,0.9496,28.47,13.00,23.00,20779.00,71.00,418.00
3531,3,0.9503,28.38,13.00,24.00,20811.00,90.00,420.00
3531,4,0.9371,27.42,12.00,28.00,19043.00,80.00,439.00
3531,5,0.9086,24.41,13.00,17.00,14957.00,104.00,424.00
3531,6,0.8623,23.14,10.00,16.00,13408.00,115.00,553.00
3531,7,0.8761,23.49,10.00,19.00,12428.00,101.00,367.00
3531,8,0.8775,22.65,11.00,19.00,11963.00,91.00,357.00
3531,9,0.8704,23.71,10.00,19.00,12555.00,85.00,406.00
3532,0,0.9865,34.75,8.00,21.00,26953.00,19.00,311.00
3532,1,0.9860,34.57,7.00,21.00,27045.00,19.00,296.00
3532,2,0.9865,34.75,7.00,21.00,27004.00,17.00,307.00
3532,4,0.9859,34.53,7.00,21.00,27062.00,17.00,322.00
3532,5,0.9858,34.39,7.00,21.00,27050.00,21.00,334.00
3532,6,0.9859,34.46,8.00,21.00,27051.00,16.00,328.00
3532,7,0.9858,34.42,7.00,21.00,27069.00,17.00,303.00
3532,8,0.9866,34.87,7.00,21.00,27156.00,10.00,327.00
3532,9,0.9846,33.86,7.00,11.00,25966.00,16.00,285.00
3533,0,0.8481,22.53,3.00,21.00,20626.00,180.00,1036.00
3533,1,0.8418,23.32,5.00,20.00,21403.00,209.00,895.00
3533,2,0.8685,23.65,6.00,21.00,22106.00,274.00,914.00
3533,3,0.8240,23.09,2.00,25.00,21956.00,314.00,843.00
3533,4,0.8048,23.39,2.00,22.00,20720.00,301.00,610.00
3533,5,0.8491,23.59,2.00,9.00,21555.00,294.00,903.00
3533,6,0.8851,24.78,1.00,22.00,22160.00,325.00,657.00
3533,7,0.8961,25.81,1.00,25.00,22063.00,292.00,554.00
3533,8,0.8645,24.30,1.00,19.00,21353.00,273.00,833.00
3534,0,0.9571,28.39,5.00,151.00,13433.00,41.00,176.00
3534,1,0.9566,28.32,6.00,152.00,13440.00,29.00,184.00
3534,2,0.9525,27.84,6.00,152.00,13317.00,32.00,198.00
3534,3,0.9597,28.73,5.00,150.00,13510.00,28.00,191.00
3534,4,0.9587,29.26,3.00,128.00,16276.00,70.00,292.00
3534,5,0.9361,29.49,8.00,59.00,15232.00,24.00,181.00
3534,6,0.9833,32.75,15.00,14.00,15602.00,30.00,204.00
3534,7,0.9677,29.73,12.00,22.00,11118.00,21.00,276.00
3534,8,0.9765,31.87,12.00,17.00,12365.00,14.00,170.00
3534,9,0.9789,32.43,11.00,20.00,12009.00,16.00,135.00
3535,0,0.9819,33.70,5.00,135.00,12555.00,15.00,162.00
3535,1,0.9831,33.53,5.00,83.00,13097.00,24.00,164.00
3535,2,0.9847,34.19,4.00,58.00,11710.00,9.00,144.00
3535,3,0.9871,34.45,2.00,9.00,11864.00,9.00,115.00
3535,4,0.9887,34.99,4.00,55.00,13272.00,20.00,116.00
3535,6,0.9815,32.79,4.00,158.00,12887.00,26.00,178.00
3535,7,0.9739,32.11,5.00,201.00,13822.00,21.00,155.00
3535,8,0.9712,32.60,5.00,233.00,12408.00,29.00,160.00
3535,9,0.9566,29.98,8.00,312.00,14557.00,46.00,250.00
3536,0,0.9168,25.49,3.00,41.00,21831.00,95.00,316.00
3536,1,0.9506,27.94,6.00,23.00,22661.00,81.00,349.00
3536,2,0.9478,26.79,3.00,29.00,22750.00,73.00,365.00
3536,3,0.9180,23.66,2.00,45.00,22231.00,69.00,497.00
3536,4,0.9078,25.02,1.00,57.00,20096.00,73.00,290.00
3536,5,0.9044,24.54,2.00,50.00,19574.00,134.00,364.00
3536,6,0.9223,26.55,3.00,50.00,20127.00,107.00,353.00
3536,7,0.9100,25.31,3.00,57.00,20418.00,101.00,335.00
3536,8,0.9422,27.73,9.00,49.00,21919.00,70.00,289.00
3536,9,0.9263,26.08,5.00,39.00,22965.00,86.00,315.00
3537,0,0.9902,35.64,5.00,5.00,22413.00,10.00,249.00
3537,2,0.9904,35.89,6.00,3.00,22286.00,13.00,163.00
3537,3,0.9904,35.82,6.00,3.00,22346.00,13.00,200.00
3537,4,0.9900,35.76,6.00,3.00,22361.00,11.00,190.00
3537,5,0.9903,35.85,6.00,3.00,22335.00,15.00,196.00
3537,6,0.9899,35.66,6.00,3.00,22396.00,10.00,183.00
3537,7,0.9896,35.98,6.00,6.00,22346.00,15.00,183.00
3537,8,0.9887,35.69,8.00,12.00,21561.00,9.00,204.00
3537,9,0.9900,36.16,6.00,3.00,19660.00,12.00,162.00
3538,0,0.9217,26.90,14.00,35.00,28307.00,198.00,335.00
3538,1,0.9191,26.75,15.00,34.00,28314.00,221.00,321.00
3538,2,0.9186,26.67,14.00,34.00,28325.00,232.00,333.00
3538,3,0.9191,26.64,14.00,34.00,28282.00,207.00,327.00
3538,4,0.9212,26.74,14.00,34.00,28270.00,201.00,331.00
3538,5,0.9154,26.01,15.00,35.00,28444.00,245.00,320.00
3538,6,0.9188,26.56,21.00,44.00,27568.00,215.00,508.00
3538,8,0.9542,27.87,3.00,11.00,26483.00,197.00,195.00
3538,9,0.9749,30.70,9.00,9.00,21324.00,98.00,227.00
3539,0,0.8495,28.04,39.00,19.00,22352.00,367.00,305.00
3539,1,0.8210,27.12,45.00,22.00,22800.00,477.00,366.00
3539,2,0.8511,27.67,41.00,28.00,25303.00,389.00,479.00
3539,3,0.8704,27.44,35.00,35.00,24280.00,388.00,496.00
3539,4,0.8789,27.05,42.00,21.00,25541.00,309.00,397.00
3539,5,0.7970,27.07,23.00,11.00,23031.00,332.00,329.00
3539,6,0.8582,27.41,35.00,63.00,26251.00,456.00,479.00
3539,7,0.8463,27.89,35.00,67.00,26101.00,462.00,404.00
3539,8,0.8335,26.06,34.00,80.00,27343.00,481.00,668.00
3539,9,0.8373,26.09,37.00,83.00,26066.00,446.00,550.00
3540,0,0.9884,35.83,4.00,36.00,40232.00,21.00,304.00
3540,1,0.9898,36.09,2.00,53.00,34196.00,25.00,254.00
3540,2,0.9924,37.67,2.00,73.00,30536.00,16.00,194.00
3540,4,0.9873,36.90,2.00,87.00,25659.00,9.00,164.00
3540,5,0.9857,36.83,1.00,89.00,25386.00,6.00,170.00
3540,6,0.9868,37.00,1.00,90.00,25807.00,17.00,151.00
3540,7,0.9886,37.37,2.00,89.00,26130.00,14.00,146.00
3540,8,0.9890,37.54,2.00,89.00,26328.00,13.00,126.00
3540,9,0.9886,37.26,3.00,88.00,26064.00,9.00,146.00
3541,0,0.9945,40.00,0.00,56.00,16978.00,9.00,89.00
3541,1,0.9946,40.34,0.00,55.00,16940.00,8.00,85.00
3541,2,0.9948,40.60,1.00,55.00,16923.00,9.00,86.00
3541,3,0.9940,39.46,0.00,55.00,16865.00,6.00,96.00
3541,4,0.9940,39.52,1.00,55.00,16899.00,11.00,90.00
3541,5,0.9944,40.00,0.00,57.00,17011.00,7.00,111.00
3541,6,0.9960,42.37,0.00,68.00,16484.00,7.00,45.00
3541,7,0.9959,42.93,1.00,87.00,16318.00,9.00,69.00
3541,8,0.9959,42.87,2.00,82.00,16103.00,20.00,58.00
3542,0,0.9634,32.74,17.00,120.00,28077.00,62.00,345.00
3542,1,0.9693,32.82,14.00,131.00,29451.00,81.00,455.00
3542,2,0.9753,33.02,14.00,133.00,29600.00,78.00,437.00
3542,3,0.9639,30.10,18.00,74.00,24163.00,97.00,542.00
3542,4,0.9617,31.72,19.00,106.00,25119.00,44.00,376.00
3542,5,0.9511,31.56,14.00,74.00,25562.00,54.00,383.00
3542,6,0.9762,33.53,18.00,46.00,26223.00,45.00,443.00
3542,7,0.9739,34.17,21.00,48.00,23396.00,19.00,254.00
3542,8,0.9636,32.60,20.00,30.00,24493.00,13.00,426.00
3542,9,0.9639,32.42,19.00,29.00,22811.00,20.00,350.00
3543,0,0.9414,29.33,22.00,50.00,54664.00,18.00,779.00
3543,1,0.9625,30.68,15.00,33.00,40914.00,28.00,490.00
3543,2,0.9820,33.64,8.00,4.00,36642.00,20.00,316.00
3543,3,0.9828,33.02,3.00,19.00,28810.00,21.00,204.00
3543,4,0.9885,37.36,3.00,33.00,25095.00,6.00,113.00
3543,6,0.9803,33.10,10.00,55.00,18346.00,9.00,229.00
3543,7,0.9813,31.89,13.00,63.00,16461.00,7.00,314.00
3543,8,0.9642,30.36,15.00,69.00,14229.00,7.00,348.00
3543,9,0.9726,30.87,18.00,72.00,12840.00,9.00,307.00
3544,0,0.3131,13.77,61.00,167.00,47666.00,3152.00,3956.00
3544,1,0.3183,14.02,73.00,164.00,42725.00,2388.00,3669.00
3544,2,0.3170,14.03,74.00,162.00,43345.00,2458.00,3887.00
3544,3,0.3155,14.06,76.00,147.00,40826.00,2294.00,3289.00
3544,4,0.4033,15.97,54.00,83.00,35778.00,1083.00,1859.00
3544,5,0.5958,18.36,34.00,55.00,35056.00,729.00,1429.00
3544,6,0.7076,19.97,25.00,36.00,34041.00,450.00,863.00
3544,7,0.8001,21.78,29.00,14.00,31404.00,238.00,660.00
3544,8,0.7858,21.09,15.00,22.00,28040.00,363.00,686.00
3544,9,0.7324,18.72,2.00,42.00,25608.00,537.00,1107.00
3545,0,0.9951,40.67,0.00,25.00,15592.00,9.00,84.00
3545,2,0.9890,35.40,5.00,196.00,15514.00,9.00,135.00
3545,3,0.9899,35.20,5.00,238.00,16403.00,5.00,156.00
3545,4,0.9898,35.57,5.00,244.00,15800.00,10.00,114.00
3545,5,0.9889,35.65,5.00,244.00,15303.00,11.00,126.00
3545,6,0.9893,35.81,6.00,252.00,15389.00,17.00,101.00
3545,7,0.9889,36.21,5.00,255.00,15392.00,20.00,101.00
3545,8,0.9882,36.40,6.00,261.00,15232.00,29.00,104.00
3545,9,0.9852,36.65,6.00,276.00,15673.00,14.00,105.00
3546,0,0.9835,33.26,8.00,72.00,14157.00,11.00,288.00
3546,1,0.9839,33.34,7.00,72.00,14171.00,17.00,297.00
3546,2,0.9842,33.55,8.00,72.00,14217.00,8.00,261.00
3546,3,0.9835,33.31,8.00,72.00,14228.00,12.00,269.00
3546,4,0.9831,33.24,7.00,71.00,14226.00,9.00,276.00
3546,5,0.9835,33.32,8.00,72.00,14228.00,8.00,260.00
3546,6,0.9825,33.06,8.00,72.00,14238.00,15.00,277.00
3546,8,0.9764,30.77,7.00,72.00,13564.00,17.00,250.00
3546,9,0.9867,33.66,4.00,75.00,17336.00,6.00,182.00
3547,0,0.9799,31.10,11.00,51.00,29447.00,2.00,341.00
3547,1,0.9794,30.95,13.00,57.00,28468.00,14.00,397.00
3547,2,0.9818,33.10,10.00,54.00,24703.00,1.00,308.00
3547,3,0.9832,33.61,8.00,45.00,22614.00,3.00,182.00
3547,4,0.9859,34.68,7.00,45.00,21473.00,6.00,217.00
3547,5,0.9907,36.36,6.00,30.00,20086.00,2.00,126.00
3547,6,0.9930,37.51,4.00,17.00,18763.00,3.00,98.00
3547,7,0.9937,36.89,1.00,0.00,17762.00,4.00,97.00
3547,8,0.9910,35.65,0.00,5.00,15664.00,6.00,107.00
3547,9,0.9907,36.41,2.00,16.00,15029.00,8.00,96.00
3548,0,0.9107,25.02,5.00,51.00,28233.00,296.00,524.00
3548,1,0.9384,29.23,2.00,33.00,27727.00,164.00,337.00
3548,2,0.9551,30.49,0.00,1.00,28100.00,89.00,274.00
3548,3,0.9623,31.14,5.00,19.00,28658.00,102.00,262.00
3548,5,0.9584,30.56,2.00,4.00,28241.00,98.00,273.00
3548,6,0.9353,28.42,2.00,31.00,28171.00,219.00,397.00
3548,7,0.9091,26.93,0.00,75.00,27816.00,315.00,489.00
3548,8,0.9000,25.49,2.00,68.00,28939.00,337.00,583.00
3548,9,0.8879,24.36,3.00,65.00,28491.00,368.00,656.00
3549,0,0.9390,27.48,4.00,302.00,30148.00,84.00,608.00
3549,1,0.9425,27.87,4.00,301.00,30165.00,94.00,549.00
3549,2,0.9421,27.85,3.00,300.00,30120.00,67.00,560.00
3549,3,0.9382,27.54,3.00,300.00,29994.00,89.00,616.00
3549,4,0.9361,27.36,4.00,299.00,29973.00,90.00,617.00
3549,5,0.9384,27.43,3.00,298.00,30000.00,89.00,616.00
3549,6,0.9356,27.24,4.00,298.00,29916.00,103.00,637.00
3549,7,0.9397,27.43,3.00,297.00,30236.00,98.00,612.00
3549,8,0.9297,27.36,3.00,295.00,30872.00,119.00,650.00
3549,9,0.9320,27.13,2.00,292.00,31914.00,123.00,630.00
3525,9,0.9940,37.49,2.00,27.00,17712.00,7.00,92.00
3527,5,0.9862,34.09,8.00,47.00,14758.00,36.00,146.00
3529,1,0.5540,18.92,42.00,126.00,25436.00,1024.00,1120.00
3530,7,0.8214,24.32,19.00,19.00,21885.00,425.00,655.00
3532,3,0.9862,34.67,7.00,21.00,27027.00,17.00,319.00
3533,9,0.8439,24.04,5.00,21.00,22675.00,307.00,558.00
3535,5,0.9795,33.02,3.00,82.00,11803.00,7.00,99.00
3537,1,0.9903,35.86,6.00,5.00,22392.00,10.00,250.00
3538,7,0.8974,25.26,19.00,40.00,24431.00,197.00,352.00
3540,3,0.9908,37.60,2.00,82.00,28172.00,12.00,167.00
3541,9,0.9965,42.34,0.00,74.00,15755.00,9.00,59.00
3543,5,0.9871,33.19,6.00,40.00,20615.00,8.00,223.00
3545,1,0.9922,38.60,4.00,102.00,15302.00,9.00,106.00
3546,7,0.9795,32.61,9.00,72.00,13923.00,23.00,212.00
3550,1,0.9015,26.29,17.00,32.00,26030.00,133.00,426.00
3550,2,0.9142,26.59,16.00,46.00,25320.00,136.00,424.00
3550,3,0.9244,26.67,15.00,52.00,24966.00,162.00,369.00
3550,4,0.9320,26.83,15.00,54.00,24712.00,174.00,324.00
3550,5,0.9375,26.84,16.00,56.00,24701.00,153.00,364.00
3550,6,0.9402,27.45,15.00,55.00,24579.00,179.00,329.00
3550,7,0.9354,27.44,12.00,53.00,24469.00,135.00,329.00
3550,8,0.9383,28.01,5.00,58.00,24543.00,121.00,428.00
3550,9,0.9420,28.48,10.00,43.00,25460.00,137.00,357.00
3551,0,0.9888,33.87,2.00,46.00,22496.00,18.00,196.00
3551,1,0.9892,34.25,1.00,46.00,21872.00,18.00,178.00
3551,2,0.9845,33.18,0.00,58.00,21432.00,15.00,185.00
3551,3,0.9907,34.95,1.00,39.00,24982.00,27.00,253.00
3551,4,0.9823,31.75,1.00,1.00,23713.00,12.00,205.00
3551,5,0.9777,32.61,4.00,6.00,22780.00,17.00,230.00
3551,7,0.9935,36.92,2.00,17.00,25615.00,21.00,182.00
3551,8,0.9848,33.40,2.00,54.00,20833.00,13.00,203.00
3551,9,0.9761,31.74,1.00,32.00,18565.00,13.00,154.00
3552,0,0.9621,29.60,1.00,67.00,16937.00,31.00,200.00
3552,1,0.9585,29.07,1.00,65.00,16656.00,37.00,211.00
3552,2,0.9599,29.01,2.00,65.00,15975.00,26.00,225.00
3552,3,0.9633,29.54,0.00,64.00,15800.00,29.00,209.00
3552,4,0.9570,28.99,0.00,63.00,15432.00,35.00,191.00
3552,5,0.9640,29.25,1.00,60.00,15372.00,43.00,200.00
3552,6,0.9615,28.74,5.00,55.00,14930.00,33.00,176.00
3552,7,0.9644,29.41,7.00,50.00,13518.00,38.00,155.00
3552,8,0.9507,27.75,9.00,47.00,12579.00,37.00,181.00
3552,9,0.9495,27.89,8.00,47.00,12500.00,31.00,177.00
3553,0,0.9531,29.01,7.00,17.00,39014.00,135.00,423.00
3553,1,0.9522,28.89,7.00,17.00,38905.00,115.00,417.00
3553,3,0.9513,28.74,8.00,16.00,38677.00,125.00,439.00
3553,4,0.9426,28.70,3.00,34.00,37427.00,123.00,409.00
3553,5,0.9451,29.01,21.00,41.00,41921.00,208.00,475.00
3553,6,0.9449,28.68,13.00,36.00,44443.00,352.00,412.00
3553,7,0.9000,26.32,24.00,47.00,41092.00,436.00,470.00
3553,8,0.9199,27.01,26.00,74.00,37682.00,407.00,627.00
3553,9,0.9090,26.45,20.00,40.00,39779.00,288.00,599.00
3554,0,0.9933,34.88,3.00,6.00,24371.00,20.00,159.00
3554,1,0.9934,34.98,3.00,6.00,24412.00,15.00,165.00
3554,2,0.9933,35.01,3.00,6.00,24434.00,25.00,169.00
3554,3,0.9933,35.03,3.00,6.00,24417.00,23.00,193.00
3554,4,0.9933,35.00,2.00,6.00,24426.00,25.00,158.00
3554,5,0.9933,34.98,3.00,6.00,24375.00,17.00,155.00
3554,6,0.9934,34.79,3.00,6.00,24309.00,22.00,178.00
3554,7,0.9866,33.37,4.00,33.00,20660.00,8.00,192.00
3554,9,0.9829,32.07,3.00,50.00,18553.00,7.00,167.00
3555,0,0.8050,23.50,17.00,197.00,31054.00,252.00,656.00
3555,1,0.8866,25.57,21.00,178.00,30182.00,259.00,568.00
3555,2,0.9123,27.01,10.00,91.00,28147.00,135.00,366.00
3555,3,0.9549,29.64,9.00,22.00,31869.00,100.00,231.00
3555,4,0.8700,26.01,5.00,60.00,32373.00,257.00,555.00
3555,5,0.7635,21.97,12.00,147.00,39058.00,783.00,803.00
3555,6,0.5458,18.63,13.00,246.00,39635.00,1489.00,1534.00
3555,7,0.4900,17.08,5.00,352.00,42363.00,959.00,2408.00
3556,0,0.9840,36.52,10.00,111.00,19169.00,20.00,218.00
3556,1,0.9839,36.31,11.00,116.00,19041.00,26.00,221.00
3556,2,0.9820,36.44,10.00,111.00,18484.00,14.00,206.00
3556,3,0.9738,33.93,10.00,109.00,16733.00,38.00,220.00
3556,5,0.9839,35.97,9.00,99.00,18951.00,26.00,239.00
3556,6,0.9844,36.08,11.00,100.00,18676.00,23.00,193.00
3556,7,0.9826,36.31,4.00,102.00,17694.00,18.00,164.00
3556,8,0.9841,36.59,11.00,105.00,18434.00,19.00,214.00
3556,9,0.9833,35.61,11.00,108.00,18510.00,36.00,213.00
3557,0,0.5017,18.22,11.00,211.00,32935.00,1644.00,1464.00
3557,1,0.4875,17.90,11.00,218.00,33189.00,1674.00,1569.00
3557,2,0.5085,18.26,11.00,218.00,33136.00,1645.00,1494.00
3557,3,0.5018,18.11,12.00,214.00,32997.00,1638.00,1558.00
3557,4,0.4962,18.17,13.00,213.00,32863.00,1540.00,1466.00
3557,5,0.4906,18.10,14.00,212.00,32648.00,1599.00,1537.00
3557,6,0.4743,17.83,14.00,209.00,32406.00,1526.00,1612.00
3557,7,0.4746,17.83,15.00,201.00,31714.00,1710.00,1396.00
3557,8,0.4671,17.65,15.00,195.00,31354.00,1506.00,1469.00
3557,9,0.5058,17.97,14.00,190.00,31352.00,1443.00,1362.00
3558,1,0.9403,29.62,14.00,283.00,38744.00,92.00,751.00
3558,2,0.9395,29.37,14.00,281.00,38921.00,98.00,697.00
3558,3,0.9388,29.22,14.00,278.00,39070.00,114.00,700.00
3558,4,0.9388,29.17,14.00,278.00,39149.00,133.00,694.00
3558,5,0.9363,28.89,13.00,277.00,39024.00,160.00,732.00
3558,6,0.9369,28.91,13.00,278.00,38924.00,140.00,740.00
3558,7,0.9389,29.24,13.00,276.00,39092.00,117.00,706.00
3558,8,0.9383,29.68,16.00,276.00,40752.00,92.00,700.00
3558,9,0.9389,30.18,11.00,247.00,44585.00,53.00,598.00
3559,0,0.9200,28.34,22.00,68.00,14339.00,93.00,403.00
3559,1,0.9196,28.24,23.00,68.00,14348.00,74.00,407.00
3559,2,0.9191,28.34,22.00,68.00,14314.00,84.00,413.00
3559,3,0.9213,28.58,22.00,68.00,14293.00,73.00,401.00
3559,4,0.9217,28.42,23.00,67.00,14364.00,86.00,400.00
3559,5,0.9226,28.02,22.00,69.00,14628.00,127.00,430.00
3559,7,0.9104,27.70,14.00,45.00,14610.00,141.00,203.00
3559,8,0.9723,31.84,13.00,27.00,17033.00,76.00,221.00
3559,9,0.9373,27.49,5.00,24.00,16948.00,122.00,404.00
3560,0,0.9635,30.62,1.00,37.00,13019.00,12.00,92.00
3560,1,0.9668,30.80,1.00,37.00,13001.00,17.00,106.00
3560,2,0.9644,30.63,2.00,37.00,13018.00,16.00,103.00
3560,3,0.9751,31.37,2.00,37.00,13137.00,8.00,131.00
3560,4,0.9761,31.27,1.00,72.00,14277.00,16.00,113.00
3560,5,0.9777,32.72,0.00,54.00,13448.00,19.00,103.00
3560,6,0.9787,33.13,1.00,44.00,13731.00,13.00,91.00
3560,7,0.9789,33.90,0.00,42.00,13684.00,16.00,116.00
3560,8,0.9768,33.74,0.00,39.00,13716.00,12.00,99.00
3560,9,0.9802,35.19,0.00,38.00,13634.00,10.00,85.00
3561,0,0.7873,21.90,3.00,91.00,27586.00,356.00,763.00
3561,1,0.7508,20.34,6.00,103.00,30113.00,533.00,992.00
3561,3,0.7787,21.86,10.00,99.00,28169.00,359.00,756.00
3561,4,0.7680,21.34,9.00,95.00,28198.00,411.00,850.00
3561,5,0.7651,21.36,9.00,98.00,28211.00,400.00,871.00
3561,6,0.7705,20.93,10.00,100.00,28193.00,441.00,861.00
3561,7,0.7502,21.07,6.00,99.00,28579.00,477.00,968.00
3561,8,0.7402,20.53,9.00,98.00,27806.00,379.00,929.00
3561,9,0.7340,20.22,4.00,96.00,27381.00,406.00,969.00
3562,0,0.8587,23.00,19.00,114.00,15794.00,87.00,468.00
3562,1,0.8805,23.94,19.00,112.00,15835.00,69.00,453.00
3562,2,0.8719,23.76,18.00,112.00,15797.00,87.00,448.00
3562,3,0.8786,23.90,19.00,112.00,15789.00,96.00,433.00
3562,4,0.8656,23.38,20.00,112.00,15771.00,85.00,450.00
3562,5,0.8613,23.33,19.00,111.00,15753.00,100.00,466.00
3562,6,0.8599,23.30,19.00,111.00,15760.00,95.00,446.00
3562,7,0.8773,23.98,19.00,113.00,15739.00,77.00,420.00
3562,9,0.8855,24.14,21.00,138.00,15768.00,86.00,515.00
3563,0,0.9456,27.61,9.00,21.00,20595.00,57.00,278.00
3563,1,0.9407,26.63,2.00,17.00,18007.00,82.00,337.00
3563,2,0.9649,28.47,10.00,5.00,17058.00,42.00,236.00
3563,3,0.9421,26.27,14.00,50.00,14998.00,58.00,281.00
3563,4,0.9332,25.68,24.00,61.00,13460.00,47.00,470.00
3563,5,0.9154,24.67,27.00,80.00,12608.00,39.00,469.00
3563,6,0.9259,25.56,27.00,77.00,12390.00,26.00,408.00
3563,7,0.9343,25.49,21.00,58.00,15567.00,59.00,410.00
3563,8,0.9554,27.14,10.00,16.00,17193.00,39.00,269.00
3563,9,0.9595,28.22,13.00,11.00,17247.00,23.00,293.00
3564,0,0.5770,17.10,58.00,61.00,14638.00,1219.00,842.00
3564,1,0.6912,19.74,24.00,74.00,18183.00,950.00,818.00
3564,2,0.8235,21.79,14.00,97.00,21156.00,617.00,1117.00
3564,3,0.8036,19.99,6.00,57.00,25531.00,1616.00,1037.00
3564,5,0.8902,23.51,19.00,41.00,30709.00,782.00,468.00
3564,6,0.8684,24.11,14.00,85.00,27699.00,673.00,573.00
3564,7,0.8584,21.66,7.00,50.00,26487.00,613.00,577.00
3564,8,0.8372,22.98,2.00,12.00,25564.00,786.00,720.00
3564,9,0.9083,24.71,21.00,22.00,22840.00,272.00,552.00
3565,0,0.9369,29.23,27.00,158.00,19359.00,45.00,517.00
3565,1,0.9365,29.11,27.00,159.00,19527.00,45.00,515.00
3565,2,0.9376,29.20,26.00,159.00,19812.00,70.00,500.00
3565,3,0.9372,29.08,28.00,159.00,19705.00,45.00,513.00
3565,4,0.9355,29.00,27.00,153.00,19789.00,52.00,562.00
3565,5,0.9347,29.40,26.00,144.00,19934.00,35.00,481.00
3565,6,0.9351,28.77,25.00,134.00,19783.00,32.00,429.00
3565,7,0.9536,29.84,23.00,128.00,19843.00,30.00,412.00
3565,8,0.9589,29.77,18.00,123.00,23001.00,39.00,340.00
3565,9,0.9691,31.53,13.00,110.00,25547.00,49.00,321.00
3566,1,0.9647,29.53,6.00,9.00,19223.00,58.00,272.00
3566,2,0.9617,29.22,6.00,11.00,19063.00,65.00,285.00
3566,3,0.9642,29.65,7.00,14.00,19088.00,58.00,274.00
3566,4,0.9619,29.39,6.00,20.00,19086.00,100.00,261.00
3566,5,0.9632,29.31,6.00,23.00,18666.00,99.00,259.00
3566,6,0.9620,28.62,3.00,22.00,17467.00,134.00,239.00
3566,7,0.9488,27.31,2.00,17.00,14207.00,70.00,310.00
3566,8,0.9229,25.10,1.00,12.00,11187.00,88.00,372.00
3566,9,0.9095,23.94,4.00,8.00,10506.00,118.00,219.00
3567,0,0.9853,35.36,5.00,102.00,17570.00,26.00,143.00
3567,1,0.9816,34.37,5.00,99.00,17781.00,24.00,131.00
3567,2,0.9814,33.55,5.00,91.00,18499.00,24.00,291.00
3567,3,0.9880,36.22,5.00,102.00,18726.00,21.00,173.00
3567,4,0.9875,36.29,10.00,136.00,18439.00,18.00,179.00
3567,5,0.9832,35.62,9.00,132.00,17506.00,37.00,148.00
3567,7,0.9734,32.39,2.00,48.00,15475.00,25.00,259.00
3567,8,0.9878,36.15,1.00,57.00,19392.00,23.00,112.00
3567,9,0.9805,34.93,0.00,26.00,16187.00,40.00,124.00
3568,0,0.8937,24.37,12.00,84.00,14763.00,82.00,689.00
3568,1,0.8928,24.34,15.00,84.00,14963.00,82.00,660.00
3568,2,0.8970,25.41,14.00,79.00,15250.00,93.00,582.00
3568,3,0.8895,23.74,14.00,72.00,16476.00,100.00,746.00
3568,4,0.8906,23.69,13.00,63.00,17329.00,187.00,608.00
3568,5,0.8830,21.94,14.00,55.00,18276.00,212.00,409.00
3568,6,0.9114,24.36,15.00,18.00,19050.00,249.00,523.00
3568,7,0.8851,25.04,12.00,29.00,19078.00,233.00,904.00
3568,8,0.9341,26.47,14.00,146.00,18388.00,156.00,372.00
3568,9,0.8484,24.28,22.00,158.00,16897.00,220.00,737.00
3569,0,0.9640,30.92,5.00,180.00,16136.00,17.00,152.00
3569,1,0.9655,31.51,5.00,186.00,16268.00,15.00,165.00
3569,3,0.9684,31.59,6.00,187.00,14425.00,9.00,101.00
3569,4,0.9646,31.37,5.00,186.00,14295.00,7.00,113.00
3569,5,0.9674,31.56,5.00,186.00,14328.00,9.00,112.00
3569,6,0.9689,31.70,6.00,187.00,14412.00,8.00,113.00
3569,7,0.9637,31.19,6.00,186.00,14541.00,11.00,123.00
3569,8,0.9635,31.23,3.00,178.00,15881.00,12.00,92.00
3569,9,0.9690,31.96,5.00,140.00,21154.00,25.00,242.00
3570,0,0.9022,24.96,28.00,16.00,16890.00,64.00,474.00
3570,1,0.8875,24.81,14.00,7.00,28932.00,229.00,448.00
3570,2,0.3979,15.57,71.00,35.00,46120.00,847.00,3293.00
3570,3,0.4147,11.06,169.00,84.00,78558.00,7092.00,27155.00
3570,4,0.5427,11.44,362.00,181.00,118358.00,63140.00,44031.00
3570,5,0.6579,11.97,398.00,199.00,179838.00,132040.00,49383.00
3570,6,0.6940,11.81,413.00,206.00,205829.00,168890.00,38740.00
3571,1,0.6793,20.73,22.00,52.00,20852.00,294.00,658.00
3571,2,0.3655,15.63,70.00,273.00,36882.00,2034.00,2948.00
3572,0,0.5619,19.24,7.00,200.00,13468.00,346.00,663.00
3572,1,0.5668,19.27,7.00,201.00,13430.00,373.00,659.00
3572,2,0.5748,19.45,7.00,200.00,13462.00,352.00,659.00
3572,3,0.5791,19.42,7.00,200.00,13508.00,347.00,665.00
3572,4,0.5762,19.34,7.00,200.00,13471.00,371.00,650.00
3572,5,0.6161,19.98,8.00,202.00,13600.00,305.00,603.00
3572,6,0.6365,19.94,4.00,204.00,13866.00,329.00,535.00
3572,7,0.5878,19.41,4.00,203.00,14183.00,353.00,558.00
3572,8,0.6246,19.59,3.00,197.00,13803.00,347.00,600.00
3572,9,0.6890,20.02,10.00,179.00,15673.00,487.00,914.00
3573,0,0.7736,22.30,17.00,144.00,30045.00,217.00,740.00
3573,2,0.7760,22.38,17.00,143.00,29959.00,209.00,768.00
3573,3,0.7772,22.41,17.00,143.00,29944.00,207.00,761.00
3573,4,0.7779,22.45,17.00,143.00,29938.00,204.00,777.00
3573,5,0.7776,22.39,18.00,143.00,30004.00,219.00,771.00
3573,6,0.7756,22.29,18.00,143.00,30045.00,217.00,764.00
3573,7,0.7700,22.02,17.00,142.00,29484.00,295.00,633.00
3573,8,0.8160,22.82,15.00,144.00,28126.00,212.00,490.00
3573,9,0.8387,23.32,10.00,110.00,27000.00,196.00,393.00
3574,0,0.9360,27.82,13.00,13.00,25613.00,181.00,397.00
3575,0,0.9737,30.64,10.00,72.00,28693.00,22.00,394.00
3575,1,0.9742,30.60,11.00,68.00,28801.00,16.00,440.00
3575,2,0.9741,30.81,11.00,72.00,28794.00,12.00,452.00
3575,3,0.9754,31.18,11.00,73.00,29023.00,5.00,426.00
3575,4,0.9739,30.26,10.00,69.00,30101.00,36.00,353.00
3575,5,0.9750,30.09,8.00,21.00,30735.00,37.00,367.00
3550,0,0.8920,26.41,21.00,14.00,26851.00,124.00,396.00
3551,6,0.9878,34.22,1.00,1.00,24951.00,10.00,235.00
3553,2,0.9527,28.96,8.00,17.00,38957.00,132.00,385.00
3554,8,0.9855,32.82,4.00,48.00,17888.00,12.00,175.00
3556,4,0.9765,34.82,8.00,97.00,18375.00,27.00,213.00
3558,0,0.9386,29.23,13.00,284.00,39047.00,127.00,710.00
3559,6,0.9112,28.42,18.00,68.00,14554.00,75.00,326.00
3561,2,0.7660,21.06,1.00,94.00,28997.00,421.00,907.00
3562,8,0.8855,24.40,20.00,120.00,15724.00,83.00,442.00
3564,4,0.8422,21.54,29.00,22.00,28665.00,1034.00,1055.00
3566,0,0.9617,29.25,6.00,9.00,19279.00,59.00,267.00
3567,6,0.9810,34.95,5.00,123.00,14155.00,26.00,168.00
3569,2,0.9670,31.61,5.00,188.00,15056.00,15.00,100.00
3571,0,0.8750,24.73,19.00,61.00,12850.00,98.00,264.00
3575,7,0.9747,29.66,6.00,49.00,29575.00,39.00,330.00
3575,8,0.9696,28.88,11.00,56.00,29963.00,44.00,369.00
3575,9,0.9292,25.08,9.00,82.00,27707.00,79.00,396.00
3576,0,0.9948,38.40,2.00,142.00,12167.00,7.00,47.00
3576,1,0.9947,38.22,1.00,141.00,12442.00,5.00,53.00
3576,2,0.9950,39.32,2.00,137.00,12693.00,5.00,63.00
3576,3,0.9965,41.37,1.00,87.00,11671.00,5.00,71.00
3576,4,0.9970,42.40,1.00,36.00,13637.00,11.00,41.00
3576,5,0.9956,38.95,0.00,142.00,13662.00,6.00,66.00
3576,6,0.9954,40.30,0.00,297.00,16954.00,8.00,94.00
3577,0,0.9606,28.85,9.00,4.00,15036.00,92.00,190.00
3577,1,0.9409,27.72,11.00,24.00,14434.00,146.00,290.00
3577,3,0.9287,26.62,14.00,24.00,13219.00,104.00,374.00
3577,4,0.9457,28.46,4.00,2.00,15111.00,159.00,211.00
3577,5,0.9418,27.92,9.00,4.00,14519.00,122.00,251.00
3577,6,0.9022,24.87,9.00,6.00,12111.00,138.00,309.00
3577,7,0.9589,30.21,1.00,12.00,14853.00,109.00,200.00
3577,8,0.9697,30.38,4.00,27.00,16088.00,121.00,189.00
3577,9,0.9530,28.01,0.00,19.00,15997.00,212.00,212.00
3578,0,0.9382,28.00,18.00,82.00,26116.00,49.00,437.00
3578,1,0.9423,28.65,18.00,80.00,25690.00,36.00,378.00
3578,2,0.9453,28.89,18.00,77.00,25602.00,36.00,376.00
3578,3,0.9451,28.67,18.00,78.00,25667.00,36.00,362.00
3578,4,0.9407,28.39,19.00,79.00,25739.00,63.00,410.00
3578,5,0.9446,28.68,18.00,78.00,25447.00,43.00,365.00
3578,6,0.9424,28.43,18.00,76.00,25333.00,40.00,393.00
3578,7,0.9458,28.93,18.00,76.00,25328.00,40.00,365.00
3578,9,0.9574,30.36,14.00,94.00,23962.00,33.00,347.00
3579,0,0.9593,29.52,6.00,68.00,15388.00,65.00,216.00
3579,1,0.9669,31.19,7.00,67.00,16145.00,34.00,159.00
3579,2,0.9594,29.81,8.00,69.00,16799.00,54.00,222.00
3579,3,0.9438,29.10,11.00,69.00,16543.00,39.00,252.00
3579,4,0.9259,27.84,13.00,70.00,16016.00,65.00,313.00
3579,5,0.9253,27.29,15.00,71.00,18655.00,113.00,332.00
3579,6,0.9412,28.35,14.00,72.00,22093.00,91.00,413.00
3579,7,0.9525,29.19,17.00,73.00,22652.00,102.00,357.00
3579,8,0.9613,30.15,22.00,83.00,22128.00,68.00,328.00
3579,9,0.9399,27.50,19.00,89.00,21815.00,152.00,374.00
3580,0,0.8087,22.96,3.00,230.00,30838.00,149.00,1075.00
3580,1,0.7985,22.20,4.00,225.00,30842.00,219.00,1057.00
3580,2,0.8452,23.31,4.00,229.00,32572.00,251.00,1282.00
3580,3,0.8407,23.34,4.00,224.00,32537.00,289.00,1319.00
3580,5,0.8378,23.71,9.00,208.00,29951.00,153.00,911.00
3580,6,0.8421,23.81,9.00,214.00,31637.00,177.00,1003.00
3580,7,0.8411,23.81,8.00,232.00,31913.00,171.00,1157.00
3580,8,0.8343,23.98,9.00,232.00,31680.00,136.00,996.00
3580,9,0.8461,23.95,8.00,231.00,31083.00,131.00,1029.00
3581,0,0.9496,28.82,10.00,21.00,15773.00,34.00,282.00
3581,1,0.9536,29.21,10.00,41.00,16246.00,53.00,222.00
3581,2,0.9614,30.09,11.00,32.00,16235.00,30.00,192.00
3581,3,0.9646,30.92,9.00,36.00,16079.00,28.00,181.00
3581,4,0.9649,30.79,7.00,38.00,16191.00,44.00,190.00
3581,5,0.9655,30.92,10.00,35.00,15952.00,44.00,212.00
3581,6,0.9619,30.44,11.00,34.00,16105.00,46.00,191.00
3581,7,0.9641,30.67,7.00,30.00,16140.00,41.00,203.00
3581,8,0.9420,27.87,9.00,29.00,15351.00,30.00,226.00
3581,9,0.9611,30.22,10.00,29.00,15699.00,23.00,189.00
3582,1,0.9463,29.27,11.00,141.00,16136.00,92.00,306.00
3582,2,0.9447,28.98,11.00,142.00,16078.00,76.00,307.00
3582,3,0.9459,29.23,11.00,142.00,16171.00,82.00,317.00
3582,4,0.9473,29.29,10.00,144.00,16065.00,84.00,314.00
3582,5,0.9436,28.41,10.00,148.00,15748.00,89.00,318.00
3582,6,0.9469,28.04,6.00,146.00,15222.00,83.00,221.00
3582,7,0.9532,28.90,5.00,132.00,15512.00,100.00,236.00
3582,8,0.9527,29.07,3.00,113.00,15191.00,93.00,251.00
3582,9,0.9464,28.24,4.00,106.00,15080.00,126.00,222.00
3583,0,0.8732,23.71,16.00,189.00,11641.00,44.00,370.00
3583,1,0.8810,23.66,16.00,189.00,11821.00,49.00,357.00
3583,2,0.8557,22.69,17.00,189.00,12031.00,81.00,348.00
3583,3,0.8666,23.71,16.00,189.00,11034.00,34.00,324.00
3583,4,0.8264,23.10,17.00,188.00,10366.00,29.00,322.00
3583,5,0.6927,19.71,17.00,188.00,10440.00,137.00,450.00
3583,7,0.8341,22.48,16.00,189.00,11400.00,77.00,339.00
3583,8,0.8659,23.65,16.00,187.00,11361.00,39.00,304.00
3583,9,0.8790,23.41,16.00,188.00,12245.00,92.00,361.00
3584,0,0.4477,16.35,22.00,303.00,38697.00,2568.00,3137.00
3584,1,0.4433,16.34,24.00,305.00,38698.00,2621.00,3144.00
3584,2,0.4409,16.26,24.00,305.00,38606.00,2642.00,3122.00
3584,3,0.4429,16.24,24.00,303.00,38535.00,2649.00,3115.00
3584,4,0.4572,16.55,24.00,298.00,37733.00,2361.00,2953.00
3584,5,0.4698,16.60,26.00,286.00,37424.00,2404.00,2892.00
3584,6,0.5406,18.30,16.00,277.00,34257.00,1247.00,2353.00
3584,7,0.5891,18.42,10.00,259.00,28230.00,1005.00,1720.00
3584,8,0.7805,21.58,5.00,228.00,24472.00,319.00,1052.00
3584,9,0.7370,20.11,1.00,206.00,21926.00,546.00,868.00
3585,0,0.8750,26.20,17.00,147.00,22652.00,28.00,556.00
3585,1,0.8755,26.20,16.00,149.00,22975.00,66.00,518.00
3585,3,0.8715,25.81,17.00,132.00,25396.00,119.00,757.00
3585,4,0.8783,25.96,6.00,78.00,26918.00,59.00,551.00
3585,5,0.8683,26.00,12.00,95.00,27712.00,125.00,440.00
3585,6,0.8318,21.70,10.00,114.00,21134.00,128.00,1066.00
3585,7,0.8550,22.60,9.00,124.00,20857.00,189.00,969.00
3585,8,0.8402,22.67,9.00,103.00,21489.00,237.00,917.00
3585,9,0.8729,25.57,34.00,96.00,30229.00,345.00,566.00
3586,0,0.9156,25.97,5.00,46.00,26493.00,150.00,405.00
3586,1,0.9207,25.68,23.00,29.00,19211.00,117.00,370.00
3586,2,0.8516,24.13,40.00,78.00,16638.00,191.00,422.00
3586,3,0.7367,20.41,47.00,94.00,17343.00,352.00,821.00
3586,4,0.7353,20.47,49.00,98.00,17021.00,382.00,683.00
3586,5,0.7733,21.06,50.00,98.00,16458.00,367.00,518.00
3586,6,0.7920,21.19,51.00,99.00,16237.00,457.00,512.00
3586,7,0.7925,20.94,52.00,100.00,16141.00,496.00,543.00
3586,9,0.6492,18.03,57.00,108.00,14569.00,654.00,868.00
3587,0,0.8384,22.10,23.00,85.00,26119.00,435.00,784.00
3587,1,0.8405,22.26,23.00,85.00,26005.00,415.00,814.00
3587,2,0.8368,22.01,23.00,85.00,25991.00,391.00,826.00
3587,3,0.8380,22.06,23.00,85.00,25980.00,393.00,829.00
3587,4,0.8374,22.11,23.00,85.00,25995.00,400.00,810.00
3587,5,0.8386,22.12,23.00,85.00,25974.00,423.00,814.00
3587,6,0.8473,22.40,22.00,85.00,26954.00,449.00,842.00
3587,7,0.8392,22.00,19.00,96.00,28872.00,591.00,1029.00
3587,8,0.7752,20.62,15.00,115.00,27795.00,726.00,1191.00
3587,9,0.7209,18.77,22.00,125.00,26397.00,864.00,1476.00
3588,0,0.9802,32.71,12.00,7.00,15975.00,14.00,210.00
3588,1,0.9872,33.73,6.00,3.00,23271.00,4.00,206.00
3588,2,0.9857,34.63,2.00,16.00,37973.00,15.00,166.00
3588,3,0.9524,30.53,19.00,30.00,56594.00,17.00,767.00
3588,5,0.5428,14.06,77.00,197.00,206616.00,551.00,10262.00
3589,0,0.7692,24.15,17.00,179.00,22734.00,336.00,809.00
3589,1,0.7679,24.19,18.00,183.00,22600.00,319.00,876.00
3589,2,0.7432,22.75,16.00,173.00,21709.00,515.00,663.00
3589,3,0.8454,25.61,14.00,116.00,23305.00,245.00,729.00
3589,4,0.8540,25.12,13.00,134.00,20329.00,309.00,567.00
3589,5,0.8822,26.57,7.00,123.00,17947.00,179.00,348.00
3589,6,0.8970,27.18,8.00,107.00,18343.00,227.00,431.00
3589,7,0.9272,29.33,5.00,93.00,19814.00,171.00,380.00
3589,8,0.9134,28.26,6.00,107.00,21432.00,222.00,413.00
3589,9,0.9061,27.78,6.00,109.00,21028.00,211.00,480.00
3590,0,0.7236,18.94,18.00,307.00,22740.00,372.00,1021.00
3590,1,0.7100,18.77,18.00,306.00,22809.00,414.00,1033.00
3590,2,0.7174,18.92,18.00,305.00,22683.00,425.00,1032.00
3590,4,0.7085,18.69,17.00,302.00,22711.00,458.00,1094.00
3590,5,0.7104,18.62,17.00,301.00,22647.00,465.00,1082.00
3590,6,0.7247,19.02,17.00,300.00,22629.00,450.00,1077.00
3590,7,0.7209,18.89,18.00,300.00,22471.00,369.00,1144.00
3590,8,0.7309,18.96,18.00,300.00,21999.00,196.00,1267.00
3590,9,0.7245,18.68,18.00,300.00,21518.00,195.00,1338.00
3591,0,0.9432,26.76,25.00,26.00,10544.00,42.00,289.00
3591,1,0.9601,27.59,23.00,42.00,11699.00,37.00,289.00
3591,2,0.9603,27.93,14.00,45.00,12281.00,37.00,337.00
3591,3,0.9609,28.03,15.00,22.00,12408.00,30.00,348.00
3591,4,0.9226,23.27,21.00,10.00,11870.00,43.00,304.00
3591,5,0.8630,21.16,8.00,9.00,10119.00,44.00,543.00
3591,6,0.9528,25.50,13.00,14.00,12545.00,74.00,156.00
3591,7,0.9740,29.01,12.00,15.00,14290.00,55.00,180.00
3591,8,0.9843,30.92,14.00,48.00,14684.00,34.00,178.00
3592,0,0.9182,26.38,1.00,22.00,34586.00,362.00,496.00
3592,1,0.9031,26.09,5.00,34.00,33773.00,386.00,404.00
3592,2,0.9087,26.09,3.00,44.00,33418.00,340.00,428.00
3592,3,0.9250,27.64,11.00,30.00,33187.00,285.00,337.00
3592,4,0.9219,27.21,10.00,32.00,32465.00,296.00,412.00
3592,5,0.9267,26.66,14.00,51.00,32011.00,310.00,533.00
3592,6,0.9194,26.44,0.00,42.00,31368.00,227.00,304.00
3592,7,0.9388,29.15,4.00,23.00,30705.00,150.00,298.00
3592,8,0.9316,27.54,15.00,12.00,31785.00,214.00,380.00
3592,9,0.9349,28.09,1.00,4.00,31590.00,189.00,357.00
3593,0,0.9402,29.30,11.00,68.00,9451.00,11.00,153.00
3593,1,0.9265,28.18,8.00,66.00,9532.00,8.00,179.00
3593,2,0.9519,28.59,8.00,73.00,9314.00,9.00,228.00
3593,3,0.9717,31.04,7.00,86.00,9466.00,14.00,190.00
3593,4,0.9781,30.94,11.00,88.00,12779.00,24.00,191.00
3593,6,0.9852,34.12,12.00,32.00,14560.00,8.00,169.00
3593,7,0.9760,32.73,8.00,19.00,12426.00,19.00,193.00
3593,8,0.9611,29.15,13.00,35.00,9732.00,18.00,126.00
3593,9,0.9809,32.75,9.00,54.00,13757.00,19.00,144.00
3594,0,0.9215,29.04,30.00,15.00,23125.00,99.00,427.00
3594,1,0.9112,28.52,28.00,14.00,22634.00,98.00,397.00
3594,2,0.9192,29.04,20.00,10.00,22264.00,72.00,424.00
3594,3,0.9437,30.01,16.00,16.00,24437.00,87.00,428.00
3594,4,0.9492,30.17,22.00,38.00,28226.00,181.00,306.00
3594,5,0.9178,27.71,4.00,91.00,29611.00,375.00,424.00
3594,6,0.8580,25.29,9.00,114.00,29705.00,425.00,680.00
3594,7,0.7296,22.43,10.00,124.00,32864.00,749.00,1220.00
3594,8,0.5480,19.91,28.00,143.00,35564.00,1044.00,1517.00
3594,9,0.5363,19.69,45.00,167.00,40746.00,927.00,1740.00
3595,0,0.9879,36.04,6.00,97.00,39039.00,45.00,233.00
3595,2,0.9879,35.84,4.00,99.00,38965.00,48.00,252.00
3595,3,0.9878,35.79,4.00,101.00,38950.00,48.00,261.00
3595,4,0.9879,35.79,5.00,105.00,38985.00,50.00,239.00
3595,5,0.9865,36.02,7.00,100.00,35680.00,40.00,185.00
3595,6,0.9866,36.16,7.00,100.00,35204.00,29.00,173.00
3595,7,0.9872,36.43,6.00,97.00,34780.00,34.00,175.00
3595,8,0.9876,36.72,2.00,92.00,31152.00,42.00,164.00
3595,9,0.9865,36.32,3.00,89.00,30454.00,27.00,162.00
3596,0,0.5594,15.83,8.00,204.00,22272.00,1288.00,2006.00
3596,1,0.5676,16.29,5.00,187.00,24285.00,1066.00,1583.00
3596,2,0.7208,19.92,17.00,111.00,24755.00,721.00,941.00
3596,3,0.8788,24.40,5.00,3.00,25239.00,354.00,545.00
3596,4,0.8087,21.78,1.00,94.00,25024.00,547.00,743.00
3596,5,0.7371,20.40,9.00,151.00,26457.00,922.00,1271.00
3596,6,0.6285,18.19,26.00,179.00,25700.00,1215.00,1541.00
3596,8,0.5403,14.75,53.00,330.00,24029.00,1714.00,1713.00
3596,9,0.6064,16.30,46.00,386.00,16516.00,1940.00,142.00
3597,0,0.8588,23.60,3.00,153.00,13781.00,130.00,570.00
3597,1,0.8550,23.61,3.00,153.00,13800.00,130.00,519.00
3597,2,0.8689,24.27,3.00,149.00,14030.00,103.00,531.00
3597,3,0.8954,25.50,4.00,148.00,14360.00,83.00,489.00
3597,4,0.9008,25.52,4.00,147.00,14318.00,79.00,460.00
3597,5,0.8871,24.93,3.00,149.00,14350.00,86.00,523.00
3597,6,0.8931,25.47,4.00,149.00,14852.00,80.00,519.00
3597,7,0.9067,25.76,4.00,143.00,15230.00,100.00,497.00
3597,8,0.9111,26.06,5.00,140.00,15395.00,71.00,546.00
3597,9,0.8944,25.61,4.00,143.00,15649.00,72.00,589.00
3598,0,0.9920,38.52,0.00,159.00,20416.00,24.00,89.00
3598,1,0.9918,38.16,0.00,159.00,20339.00,15.00,73.00
3598,2,0.9919,38.52,1.00,158.00,20330.00,17.00,73.00
3598,3,0.9932,39.27,1.00,153.00,20197.00,20.00,80.00
3598,5,0.9937,38.84,0.00,97.00,19187.00,10.00,93.00
3598,6,0.9950,39.79,1.00,69.00,19635.00,18.00,74.00
3598,7,0.9956,40.04,1.00,36.00,20244.00,5.00,89.00
3598,8,0.9959,40.63,0.00,8.00,19642.00,10.00,98.00
3598,9,0.9960,40.94,0.00,18.00,19571.00,8.00,80.00
3599,0,0.9856,32.78,3.00,205.00,25800.00,25.00,253.00
3599,1,0.9868,33.16,3.00,181.00,25421.00,7.00,177.00
3599,2,0.9911,36.62,1.00,84.00,23095.00,3.00,106.00
3599,3,0.9909,36.18,0.00,10.00,25815.00,7.00,126.00
3599,4,0.9925,37.31,1.00,75.00,22277.00,3.00,125.00
3599,5,0.9902,36.33,2.00,180.00,26514.00,9.00,153.00
3599,6,0.9849,33.02,2.00,246.00,26915.00,25.00,216.00
3599,7,0.9797,31.19,2.00,341.00,26667.00,43.00,242.00
3599,8,0.9370,25.34,3.00,394.00,9937.00,138.00,177.00
3600,0,0.9714,33.20,15.00,83.00,61223.00,50.00,647.00
3575,6,0.9795,30.76,9.00,23.00,31010.00,39.00,338.00
3577,2,0.9252,26.60,10.00,19.00,14141.00,165.00,327.00
3578,8,0.9324,27.68,14.00,89.00,26111.00,59.00,459.00
3580,4,0.8376,23.75,4.00,206.00,31681.00,150.00,922.00
3582,0,0.9489,29.45,11.00,140.00,16223.00,72.00,318.00
3583,6,0.8588,23.27,16.00,189.00,11367.00,64.00,299.00
3585,2,0.8817,26.04,17.00,147.00,25119.00,69.00,525.00
3586,8,0.7495,19.99,53.00,101.00,15629.00,460.00,693.00
3588,4,0.7191,21.78,55.00,93.00,88469.00,365.00,2188.00
3590,3,0.7120,18.77,18.00,303.00,22653.00,372.00,1099.00
3591,9,0.9581,26.74,0.00,67.00,13858.00,106.00,177.00
3593,5,0.9827,32.25,13.00,69.00,14492.00,35.00,198.00
3595,1,0.9882,36.00,3.00,99.00,39000.00,40.00,249.00
3596,7,0.5849,16.73,42.00,276.00,21054.00,1364.00,1807.00
3524,3,0.9665,33.73,15.00,9.00,36442.00,43.00,493.00
3548,4,0.9509,29.75,4.00,9.00,28524.00,101.00,220.00
3573,1,0.7730,22.33,17.00,143.00,29987.00,214.00,752.00
3598,4,0.9932,38.59,0.00,126.00,19692.00,8.00,96.00
3600,2,0.9710,33.10,15.00,83.00,61207.00,50.00,592.00
3600,3,0.9718,33.14,15.00,83.00,61067.00,65.00,590.00
3600,4,0.9701,32.72,15.00,82.00,61245.00,66.00,595.00
3600,5,0.9717,32.72,16.00,79.00,59315.00,27.00,638.00
3600,6,0.9712,33.59,20.00,87.00,52665.00,25.00,557.00
3600,7,0.8901,22.88,17.00,78.00,45069.00,29.00,736.00
3600,8,0.9317,26.21,13.00,39.00,48767.00,72.00,927.00
3600,9,0.8794,23.02,21.00,10.00,51107.00,78.00,873.00
3601,0,0.9806,32.52,3.00,27.00,15025.00,26.00,206.00
3601,1,0.9809,32.73,4.00,28.00,15063.00,26.00,216.00
3601,2,0.9806,32.64,3.00,27.00,15042.00,32.00,212.00
3601,3,0.9805,32.57,4.00,28.00,15042.00,31.00,213.00
3601,4,0.9803,32.66,4.00,28.00,15072.00,30.00,214.00
3601,5,0.9797,32.72,3.00,28.00,15093.00,27.00,221.00
3601,6,0.9795,32.80,4.00,29.00,15242.00,32.00,171.00
3601,8,0.9789,32.42,5.00,27.00,15127.00,28.00,208.00
3601,9,0.9792,32.50,3.00,26.00,14909.00,26.00,193.00
3602,0,0.6691,21.51,34.00,267.00,44106.00,542.00,1815.00
3602,1,0.6596,20.95,34.00,265.00,44256.00,636.00,1825.00
3602,2,0.6623,20.83,36.00,267.00,43974.00,648.00,1910.00
3602,3,0.6804,21.44,36.00,271.00,43446.00,533.00,1711.00
3602,4,0.6676,21.19,35.00,274.00,43202.00,561.00,1643.00
3602,5,0.6545,20.42,28.00,280.00,42841.00,691.00,1623.00
3602,6,0.6869,21.79,23.00,284.00,41748.00,398.00,1576.00
3602,7,0.7048,22.00,19.00,259.00,40855.00,376.00,1388.00
3602,8,0.7177,22.59,13.00,224.00,37560.00,270.00,1408.00
3602,9,0.7557,22.94,8.00,197.00,34880.00,379.00,1134.00
3603,0,0.9794,34.08,3.00,118.00,24689.00,24.00,193.00
3603,1,0.9828,34.17,2.00,114.00,24949.00,29.00,211.00
3603,2,0.9824,35.06,3.00,126.00,23646.00,20.00,147.00
3603,4,0.9888,36.03,3.00,121.00,25702.00,42.00,183.00
3603,5,0.9872,35.25,5.00,104.00,24719.00,33.00,195.00
3603,6,0.9799,33.71,7.00,109.00,23384.00,16.00,161.00
3603,7,0.9765,34.21,4.00,97.00,22202.00,18.00,156.00
3603,8,0.9819,35.24,1.00,86.00,24978.00,44.00,154.00
3603,9,0.9515,30.68,4.00,79.00,23188.00,28.00,140.00
3604,0,0.9957,41.21,1.00,36.00,12170.00,2.00,72.00
3604,1,0.9957,41.29,3.00,51.00,11413.00,7.00,72.00
3604,2,0.9958,40.71,1.00,50.00,11338.00,6.00,80.00
3604,3,0.9957,40.51,2.00,49.00,11171.00,7.00,72.00
3604,4,0.9958,40.63,2.00,51.00,11184.00,2.00,69.00
3604,5,0.9955,40.61,2.00,54.00,11186.00,4.00,72.00
3604,6,0.9957,40.87,2.00,56.00,11200.00,7.00,64.00
3604,7,0.9956,40.63,2.00,57.00,11221.00,5.00,70.00
3604,8,0.9956,40.70,2.00,58.00,11200.00,6.00,64.00
3605,0,0.9437,28.43,4.00,132.00,17917.00,186.00,242.00
3605,1,0.9444,28.79,4.00,132.00,18136.00,190.00,208.00
3605,2,0.9436,28.75,4.00,132.00,18151.00,185.00,203.00
3605,3,0.9592,29.76,4.00,130.00,18724.00,195.00,265.00
3605,4,0.9564,29.47,5.00,126.00,18581.00,209.00,261.00
3605,5,0.9577,29.80,3.00,124.00,18504.00,189.00,228.00
3605,6,0.9619,30.36,2.00,120.00,18258.00,168.00,205.00
3605,7,0.9602,29.62,2.00,117.00,17414.00,162.00,200.00
3605,8,0.9669,31.18,1.00,116.00,16994.00,118.00,174.00
3605,9,0.9619,29.67,1.00,115.00,17069.00,166.00,200.00
3606,0,0.5798,16.70,103.00,51.00,60088.00,3406.00,9642.00
3606,1,0.5814,16.47,102.00,51.00,60113.00,3418.00,14308.00
3606,2,0.5777,16.17,105.00,52.00,60143.00,3235.00,15270.00
3606,3,0.5604,15.61,108.00,54.00,60683.00,3983.00,17686.00
3606,4,0.5601,15.84,110.00,55.00,61298.00,3830.00,16411.00
3606,6,0.5702,15.98,101.00,50.00,60396.00,4135.00,16151.00
3606,7,0.5801,16.46,91.00,45.00,58874.00,3116.00,13637.00
3606,8,0.5935,16.89,81.00,40.00,55943.00,3472.00,6313.00
3606,9,0.6074,17.39,65.00,32.00,51957.00,3332.00,3451.00
3607,0,0.9853,33.62,4.00,112.00,14986.00,9.00,177.00
3607,1,0.9827,33.07,3.00,120.00,13986.00,10.00,150.00
3607,2,0.9820,32.63,4.00,117.00,14228.00,8.00,148.00
3607,3,0.9838,32.62,3.00,114.00,14666.00,11.00,151.00
3607,4,0.9845,33.31,1.00,100.00,16956.00,8.00,179.00
3607,5,0.9860,33.45,0.00,27.00,14383.00,14.00,136.00
3607,6,0.9784,31.79,8.00,138.00,11679.00,12.00,194.00
3607,7,0.9670,29.85,13.00,241.00,10275.00,30.00,286.00
3607,8,0.8895,24.29,16.00,312.00,10038.00,112.00,392.00
3607,9,0.8457,22.68,17.00,345.00,9904.00,198.00,480.00
3608,0,0.8789,23.34,1.00,199.00,37495.00,511.00,872.00
3608,2,0.8794,23.71,3.00,208.00,36011.00,398.00,742.00
3608,3,0.8826,23.77,3.00,207.00,35351.00,394.00,722.00
3608,4,0.8870,24.03,3.00,204.00,33194.00,333.00,657.00
3608,5,0.8541,22.19,8.00,211.00,31066.00,402.00,786.00
3608,6,0.8441,22.07,10.00,225.00,29475.00,265.00,705.00
3608,7,0.8651,23.47,19.00,215.00,29944.00,323.00,994.00
3608,8,0.8797,24.07,23.00,204.00,30266.00,332.00,1145.00
3608,9,0.8721,24.07,24.00,191.00,30561.00,409.00,884.00
3609,0,0.8778,24.40,9.00,219.00,19733.00,245.00,698.00
3609,1,0.8836,24.51,9.00,149.00,15108.00,198.00,484.00
3609,2,0.9342,28.03,9.00,56.00,18798.00,154.00,372.00
3609,3,0.9435,29.26,12.00,19.00,14318.00,55.00,160.00
3609,4,0.9029,26.36,5.00,96.00,17519.00,242.00,345.00
3609,5,0.9043,26.24,0.00,172.00,16874.00,170.00,410.00
3609,6,0.9109,26.35,7.00,257.00,17797.00,160.00,475.00
3609,8,0.4424,14.02,11.00,377.00,8834.00,1240.00,2272.00
3610,0,0.6894,21.55,6.00,281.00,16970.00,451.00,714.00
3610,1,0.6760,21.37,6.00,279.00,17181.00,478.00,657.00
3610,2,0.6530,21.01,5.00,277.00,16940.00,482.00,716.00
3610,3,0.7382,22.52,3.00,262.00,18369.00,533.00,645.00
3610,4,0.7270,22.30,1.00,246.00,20744.00,702.00,940.00
3610,5,0.7508,22.72,4.00,221.00,20704.00,668.00,917.00
3610,6,0.8385,24.75,1.00,180.00,17555.00,359.00,676.00
3610,7,0.9024,26.58,1.00,136.00,18558.00,320.00,426.00
3610,8,0.9220,27.92,3.00,96.00,17751.00,226.00,278.00
3610,9,0.9449,30.23,5.00,69.00,16684.00,121.00,230.00
3611,0,0.8372,20.39,26.00,42.00,17966.00,354.00,709.00
3611,1,0.8289,19.79,24.00,46.00,17415.00,355.00,801.00
3611,2,0.7918,19.98,38.00,50.00,18149.00,515.00,763.00
3611,4,0.7536,18.54,30.00,52.00,16286.00,478.00,860.00
3611,5,0.8216,20.12,37.00,49.00,18275.00,455.00,669.00
3611,6,0.8272,20.92,34.00,42.00,18062.00,458.00,645.00
3611,7,0.8490,20.73,28.00,29.00,18135.00,435.00,696.00
3611,8,0.8551,20.48,26.00,30.00,18588.00,410.00,736.00
3611,9,0.8542,20.82,25.00,35.00,19268.00,450.00,733.00
3612,0,0.6201,19.80,23.00,136.00,24387.00,916.00,1098.00
3612,1,0.6125,19.82,22.00,136.00,24236.00,895.00,1089.00
3612,2,0.6011,18.46,26.00,106.00,24376.00,776.00,1789.00
3612,3,0.6321,18.65,32.00,16.00,21419.00,864.00,970.00
3612,4,0.5691,15.99,11.00,182.00,23020.00,1260.00,1408.00
3612,5,0.4314,15.88,27.00,272.00,21566.00,1262.00,2515.00
3612,6,0.3673,15.29,65.00,254.00,15556.00,1929.00,1157.00
3612,7,0.3373,14.60,90.00,203.00,11471.00,1583.00,814.00
3612,8,0.1758,11.31,104.00,211.00,8964.00,3143.00,1345.00
3613,1,0.9043,24.86,2.00,216.00,15781.00,57.00,476.00
3613,2,0.9104,25.33,2.00,216.00,15860.00,89.00,470.00
3613,3,0.9344,27.32,4.00,204.00,17372.00,85.00,294.00
3613,4,0.9213,26.60,7.00,149.00,20232.00,193.00,326.00
3613,5,0.9633,29.28,5.00,26.00,19852.00,52.00,319.00
3613,6,0.9650,30.81,0.00,97.00,20186.00,138.00,263.00
3613,7,0.9192,25.76,9.00,230.00,19866.00,148.00,412.00
3613,8,0.9168,26.82,17.00,300.00,19276.00,123.00,455.00
3613,9,0.8819,24.52,19.00,311.00,18078.00,277.00,453.00
3614,0,0.8715,25.86,11.00,96.00,31845.00,181.00,501.00
3614,1,0.8806,26.26,10.00,92.00,31832.00,157.00,461.00
3614,2,0.8805,26.89,14.00,98.00,30808.00,166.00,355.00
3614,3,0.8418,22.88,17.00,97.00,27468.00,209.00,758.00
3614,4,0.8657,26.13,21.00,99.00,28400.00,161.00,503.00
3614,6,0.8815,26.42,20.00,79.00,31033.00,181.00,574.00
3614,7,0.8721,26.03,23.00,66.00,31498.00,354.00,671.00
3614,8,0.8865,26.34,24.00,53.00,31330.00,197.00,566.00
3614,9,0.8755,26.05,22.00,53.00,31950.00,189.00,532.00
3615,0,0.9902,35.08,4.00,19.00,35728.00,56.00,154.00
3615,1,0.9901,34.96,5.00,19.00,35603.00,46.00,172.00
3615,2,0.9900,35.03,4.00,19.00,35497.00,53.00,163.00
3615,3,0.9900,35.19,3.00,18.00,35444.00,31.00,151.00
3615,4,0.9848,33.61,0.00,16.00,34674.00,28.00,171.00
3615,5,0.9846,33.61,3.00,36.00,32289.00,16.00,212.00
3615,6,0.9678,30.77,17.00,99.00,32225.00,33.00,341.00
3615,7,0.9769,31.69,14.00,60.00,32924.00,13.00,296.00
3615,8,0.9835,33.78,2.00,51.00,35507.00,18.00,184.00
3615,9,0.9895,34.67,1.00,16.00,35822.00,24.00,153.00
3616,0,0.6854,22.36,33.00,33.00,30092.00,350.00,516.00
3616,2,0.6722,22.15,39.00,29.00,30990.00,218.00,722.00
3616,3,0.7008,23.28,36.00,21.00,28578.00,347.00,606.00
3616,4,0.7066,24.51,39.00,23.00,24432.00,196.00,607.00
3616,5,0.6869,20.63,32.00,16.00,22994.00,250.00,717.00
3616,6,0.7363,23.40,16.00,35.00,24715.00,260.00,722.00
3616,7,0.8115,21.84,7.00,96.00,31643.00,583.00,876.00
3616,8,0.8164,23.87,14.00,239.00,32862.00,584.00,690.00
3616,9,0.7880,23.68,23.00,240.00,25740.00,338.00,805.00
3617,0,0.6710,22.81,39.00,74.00,28686.00,126.00,855.00
3617,1,0.6724,22.56,38.00,75.00,28556.00,111.00,959.00
3617,2,0.6832,23.12,38.00,67.00,27734.00,82.00,761.00
3617,3,0.7944,25.88,32.00,19.00,26152.00,28.00,686.00
3617,4,0.8768,27.24,21.00,10.00,25155.00,33.00,454.00
3617,5,0.9175,28.53,6.00,25.00,23318.00,35.00,292.00
3617,6,0.9435,29.95,9.00,50.00,23763.00,80.00,244.00
3617,8,0.9345,30.04,1.00,55.00,20956.00,70.00,186.00
3617,9,0.9257,29.04,2.00,63.00,18076.00,63.00,248.00
3618,0,0.9509,29.70,9.00,212.00,36641.00,99.00,666.00
3618,1,0.9688,30.93,7.00,193.00,34113.00,84.00,426.00
3618,2,0.9768,31.45,6.00,128.00,31519.00,25.00,226.00
3618,3,0.9878,35.96,3.00,51.00,35646.00,55.00,248.00
3618,4,0.9770,33.85,1.00,27.00,36220.00,15.00,197.00
3618,5,0.9823,34.89,3.00,67.00,42991.00,64.00,245.00
3618,6,0.9787,34.19,3.00,79.00,40220.00,52.00,365.00
3618,7,0.9808,33.74,9.00,131.00,39765.00,51.00,341.00
3618,8,0.9668,32.32,3.00,227.00,42500.00,120.00,369.00
3618,9,0.9351,31.57,2.00,342.00,40304.00,178.00,443.00
3619,0,0.6129,19.14,50.00,65.00,28071.00,769.00,2171.00
3619,1,0.6150,19.06,50.00,65.00,27885.00,891.00,2286.00
3619,2,0.5965,18.51,53.00,49.00,25444.00,1003.00,2294.00
3619,4,0.6863,18.87,49.00,25.00,17273.00,899.00,1262.00
3619,5,0.7589,20.33,41.00,44.00,16867.00,552.00,1052.00
3619,6,0.8128,22.07,18.00,9.00,16856.00,350.00,748.00
3619,7,0.8866,23.53,9.00,20.00,14140.00,161.00,605.00
3619,8,0.9352,25.67,2.00,16.00,13567.00,148.00,387.00
3619,9,0.9321,26.20,20.00,32.00,12171.00,156.00,341.00
3620,0,0.9964,39.98,1.00,14.00,24313.00,6.00,49.00
3620,1,0.9966,41.22,2.00,15.00,24418.00,5.00,43.00
3620,2,0.9971,43.63,1.00,14.00,24826.00,11.00,33.00
3620,3,0.9969,42.22,0.00,15.00,25781.00,7.00,62.00
3620,4,0.9968,41.84,1.00,20.00,25833.00,8.00,63.00
3620,5,0.9968,41.83,1.00,19.00,25926.00,13.00,52.00
3620,6,0.9969,41.94,1.00,19.00,25923.00,9.00,58.00
3620,7,0.9967,41.36,0.00,20.00,25925.00,3.00,60.00
3620,8,0.9970,42.54,1.00,20.00,25818.00,10.00,44.00
3621,0,0.8000,20.41,14.00,133.00,13852.00,54.00,692.00
3621,1,0.7854,20.21,14.00,139.00,13877.00,49.00,744.00
3621,2,0.7799,20.17,13.00,136.00,13967.00,65.00,692.00
3621,3,0.7766,20.20,13.00,137.00,13840.00,68.00,660.00
3621,4,0.7945,20.84,13.00,138.00,13690.00,46.00,605.00
3621,5,0.7797,20.41,13.00,139.00,13699.00,77.00,558.00
3621,6,0.7487,19.52,16.00,144.00,13674.00,56.00,466.00
3621,7,0.7430,20.23,20.00,138.00,15711.00,68.00,682.00
3621,8,0.8146,21.04,14.00,123.00,17134.00,125.00,519.00
3621,9,0.8128,21.26,13.00,96.00,16246.00,111.00,495.00
3622,0,0.9783,34.43,6.00,100.00,12434.00,38.00,153.00
3622,1,0.9765,33.91,7.00,99.00,12005.00,30.00,230.00
3622,2,0.9798,34.73,6.00,98.00,12784.00,23.00,194.00
3622,3,0.9829,35.04,6.00,91.00,13987.00,59.00,172.00
3622,4,0.9858,35.86,6.00,88.00,14093.00,47.00,151.00
3622,6,0.9759,34.07,8.00,98.00,12300.00,34.00,146.00
3622,7,0.9690,33.51,6.00,101.00,11538.00,32.00,136.00
3622,8,0.9634,34.15,4.00,102.00,11731.00,36.00,117.00
3622,9,0.9654,34.58,4.00,104.00,11866.00,28.00,94.00
3623,0,0.8970,22.65,10.00,222.00,40861.00,658.00,911.00
3623,1,0.9126,22.82,12.00,161.00,30491.00,329.00,728.00
3623,2,0.9571,27.01,6.00,12.00,29819.00,180.00,529.00
3623,3,0.9369,25.88,8.00,50.00,25683.00,70.00,570.00
3623,4,0.9233,25.78,14.00,70.00,27408.00,247.00,465.00
3623,5,0.9333,26.57,1.00,95.00,27680.00,124.00,475.00
3623,6,0.9200,25.36,7.00,142.00,32431.00,341.00,505.00
3623,7,0.9049,24.83,2.00,248.00,37835.00,302.00,948.00
3623,8,0.7040,17.77,5.00,334.00,28987.00,746.00,1309.00
3624,0,0.8663,24.89,22.00,148.00,14757.00,154.00,504.00
3600,1,0.9712,33.31,14.00,83.00,61318.00,45.00,650.00
3601,7,0.9791,32.78,5.00,28.00,15247.00,25.00,174.00
3603,3,0.9874,35.07,4.00,109.00,25932.00,33.00,196.00
3604,9,0.9957,40.81,2.00,59.00,11191.00,8.00,73.00
3606,5,0.5645,15.82,106.00,53.00,61089.00,3986.00,17212.00
3608,1,0.8790,23.36,2.00,211.00,37234.00,444.00,783.00
3609,7,0.7872,23.60,19.00,340.00,16513.00,205.00,621.00
3611,3,0.7645,18.09,37.00,49.00,16586.00,530.00,874.00
3613,0,0.9097,24.99,2.00,216.00,15840.00,84.00,483.00
3614,5,0.8629,25.55,17.00,93.00,31821.00,260.00,576.00
3616,1,0.6687,21.80,31.00,35.00,30611.00,279.00,789.00
3617,7,0.9361,29.50,4.00,62.00,23732.00,101.00,272.00
3619,3,0.6506,18.90,61.00,30.00,19617.00,874.00,1544.00
3620,9,0.9967,42.26,1.00,30.00,24798.00,11.00,46.00
3622,5,0.9847,35.47,7.00,90.00,13357.00,39.00,172.00
3624,1,0.8613,24.43,20.00,149.00,14233.00,152.00,541.00
3625,7,0.9460,28.59,20.00,22.00,17717.00,2.00,513.00
3627,3,0.9888,34.50,5.00,13.00,15559.00,44.00,115.00
3628,9,0.9569,29.32,16.00,205.00,9439.00,29.00,210.00
3630,5,0.9903,36.68,2.00,150.00,16616.00,8.00,106.00
3632,5,0.9809,35.24,1.00,3.00,28202.00,21.00,134.00
3634,1,0.9944,39.89,1.00,55.00,15115.00,8.00,93.00
3624,2,0.8649,24.88,23.00,147.00,14035.00,117.00,556.00
3624,3,0.8685,25.08,24.00,147.00,14118.00,112.00,549.00
3624,4,0.8626,24.56,21.00,147.00,14148.00,144.00,545.00
3624,5,0.8646,24.53,20.00,147.00,14015.00,135.00,554.00
3624,6,0.8763,24.93,21.00,145.00,13839.00,107.00,561.00
3624,7,0.8702,24.69,20.00,144.00,13771.00,122.00,561.00
3624,8,0.8600,24.16,20.00,141.00,13165.00,104.00,655.00
3624,9,0.8695,24.75,18.00,132.00,15518.00,176.00,583.00
3625,0,0.9375,27.58,21.00,28.00,17358.00,9.00,564.00
3625,1,0.9374,27.50,20.00,28.00,17334.00,10.00,498.00
3625,2,0.9358,27.37,21.00,27.00,17314.00,9.00,531.00
3625,3,0.9366,27.53,20.00,28.00,17412.00,7.00,551.00
3625,4,0.9374,27.63,21.00,28.00,17395.00,5.00,566.00
3625,5,0.9369,27.58,20.00,29.00,17389.00,8.00,528.00
3625,6,0.9390,27.82,21.00,28.00,17271.00,4.00,582.00
3625,8,0.9420,28.22,22.00,11.00,17566.00,15.00,393.00
3625,9,0.9280,27.27,22.00,11.00,15155.00,25.00,424.00
3626,0,0.7459,21.16,20.00,10.00,40633.00,926.00,1135.00
3626,1,0.7376,20.93,29.00,16.00,41009.00,851.00,1222.00
3626,2,0.7468,21.22,27.00,13.00,40872.00,792.00,1309.00
3626,3,0.7478,21.24,23.00,11.00,41076.00,818.00,1308.00
3626,4,0.6796,19.75,33.00,40.00,39543.00,973.00,1172.00
3626,5,0.6016,18.68,34.00,37.00,37783.00,928.00,1662.00
3626,6,0.5255,17.07,58.00,40.00,38174.00,2689.00,1919.00
3626,7,0.4916,16.30,78.00,39.00,39492.00,3336.00,1612.00
3626,8,0.5181,16.43,64.00,45.00,37791.00,2707.00,2664.00
3626,9,0.6040,18.14,43.00,39.00,37991.00,811.00,1532.00
3627,0,0.9892,34.14,5.00,14.00,16266.00,53.00,111.00
3627,1,0.9880,34.02,2.00,4.00,16322.00,59.00,96.00
3627,2,0.9895,34.62,3.00,6.00,16186.00,46.00,90.00
3627,4,0.9853,33.28,10.00,13.00,14487.00,39.00,154.00
3627,5,0.9852,33.17,13.00,6.00,13001.00,12.00,166.00
3627,6,0.9763,31.59,12.00,6.00,12885.00,28.00,220.00
3627,7,0.9811,32.27,14.00,7.00,12772.00,21.00,208.00
3627,8,0.9811,32.30,14.00,25.00,13340.00,25.00,200.00
3627,9,0.9807,32.48,14.00,26.00,13301.00,20.00,203.00
3628,0,0.9801,32.81,3.00,186.00,23142.00,57.00,200.00
3628,1,0.9877,35.04,1.00,157.00,19725.00,14.00,154.00
3628,2,0.9900,36.10,0.00,108.00,16290.00,18.00,64.00
3628,3,0.9912,35.44,3.00,1.00,15948.00,18.00,118.00
3628,4,0.9870,33.66,2.00,50.00,14658.00,6.00,148.00
3628,5,0.9825,32.35,5.00,84.00,12644.00,12.00,158.00
3628,6,0.9778,31.73,6.00,124.00,11432.00,10.00,206.00
3628,7,0.9755,31.23,9.00,142.00,11949.00,22.00,182.00
3628,8,0.9635,28.79,15.00,164.00,12056.00,48.00,326.00
3629,0,0.4549,16.25,30.00,205.00,21100.00,1011.00,1454.00
3629,1,0.4706,16.50,28.00,205.00,20319.00,870.00,1250.00
3629,2,0.4677,16.30,27.00,202.00,19618.00,998.00,1132.00
3629,3,0.4543,16.88,27.00,200.00,18837.00,1017.00,1065.00
3629,4,0.4613,16.55,28.00,203.00,19659.00,925.00,1102.00
3629,5,0.4796,16.59,31.00,201.00,19392.00,883.00,1107.00
3629,6,0.4699,16.94,30.00,198.00,19246.00,1045.00,1113.00
3629,7,0.4627,16.72,32.00,189.00,17880.00,870.00,986.00
3629,8,0.4518,16.40,23.00,167.00,19965.00,995.00,1358.00
3629,9,0.5639,17.43,21.00,148.00,21015.00,892.00,1200.00
3630,0,0.9902,36.58,3.00,149.00,16605.00,5.00,114.00
3630,1,0.9903,36.70,2.00,150.00,16617.00,4.00,113.00
3630,2,0.9903,36.71,3.00,149.00,16633.00,4.00,114.00
3630,3,0.9905,36.75,2.00,150.00,16617.00,8.00,111.00
3630,4,0.9904,36.69,2.00,150.00,16609.00,7.00,109.00
3630,6,0.9900,36.66,2.00,150.00,16595.00,6.00,129.00
3630,7,0.9905,36.63,2.00,150.00,16607.00,5.00,106.00
3630,8,0.9908,36.66,3.00,149.00,16602.00,8.00,121.00
3630,9,0.9912,36.67,3.00,149.00,16577.00,8.00,119.00
3631,0,0.9898,35.20,7.00,159.00,15175.00,8.00,146.00
3631,1,0.9933,38.26,0.00,6.00,18077.00,17.00,109.00
3631,2,0.9872,35.07,5.00,210.00,23072.00,31.00,190.00
3632,0,0.9678,33.06,8.00,5.00,35636.00,56.00,355.00
3632,1,0.9675,33.00,8.00,6.00,35640.00,56.00,373.00
3632,2,0.9662,32.78,10.00,16.00,34940.00,45.00,351.00
3632,3,0.9695,33.14,7.00,16.00,33095.00,58.00,290.00
3632,4,0.9751,33.53,5.00,15.00,30458.00,27.00,268.00
3632,6,0.9871,36.44,3.00,2.00,28742.00,19.00,157.00
3632,7,0.9778,34.35,3.00,1.00,28585.00,22.00,214.00
3632,8,0.9693,32.16,0.00,16.00,27783.00,34.00,275.00
3632,9,0.9696,31.82,0.00,14.00,27812.00,18.00,315.00
3633,0,0.9784,33.09,1.00,58.00,10978.00,18.00,78.00
3633,1,0.9705,31.20,2.00,56.00,11010.00,14.00,116.00
3633,2,0.9818,35.08,1.00,61.00,10692.00,11.00,71.00
3633,3,0.9817,34.68,1.00,61.00,10628.00,9.00,62.00
3633,4,0.9800,34.71,2.00,59.00,10816.00,9.00,99.00
3633,5,0.9784,33.75,1.00,58.00,10848.00,11.00,121.00
3633,6,0.9774,34.13,2.00,62.00,10802.00,15.00,127.00
3633,7,0.9769,33.70,0.00,66.00,10074.00,6.00,79.00
3633,8,0.9772,32.30,2.00,73.00,10121.00,26.00,98.00
3633,9,0.9793,33.33,2.00,60.00,9785.00,13.00,124.00
3634,0,0.9929,39.45,1.00,43.00,15512.00,13.00,104.00
3634,2,0.9959,40.10,2.00,65.00,14502.00,9.00,46.00
3634,3,0.9959,39.22,3.00,62.00,14061.00,2.00,68.00
3634,4,0.9948,38.16,2.00,53.00,13698.00,1.00,80.00
3634,5,0.9939,37.39,3.00,47.00,13495.00,6.00,83.00
3634,6,0.9933,36.95,3.00,48.00,13434.00,6.00,111.00
3634,7,0.9931,36.76,3.00,49.00,13348.00,2.00,98.00
3634,8,0.9926,36.64,3.00,51.00,13313.00,8.00,115.00
3634,9,0.9929,36.81,2.00,54.00,13340.00,5.00,108.00
3635,0,0.9650,30.31,8.00,262.00,13610.00,23.00,151.00
3635,1,0.9673,30.61,8.00,262.00,13593.00,22.00,161.00
3635,2,0.9716,31.24,8.00,262.00,13610.00,13.00,165.00
3635,3,0.9703,31.15,9.00,261.00,13734.00,16.00,188.00
3635,4,0.9619,30.06,6.00,254.00,14020.00,18.00,268.00
3635,5,0.9613,29.95,6.00,249.00,14170.00,21.00,277.00
3635,6,0.9535,29.32,5.00,253.00,14395.00,25.00,298.00
3635,7,0.9493,28.85,5.00,257.00,14484.00,20.00,275.00
3635,8,0.9634,30.10,5.00,259.00,14574.00,21.00,256.00
3635,9,0.9620,30.30,6.00,251.00,17895.00,17.00,313.00
3636,0,0.9901,37.46,7.00,103.00,9813.00,2.00,57.00
3636,1,0.9847,35.83,6.00,108.00,10618.00,13.00,114.00
3636,2,0.9907,37.97,7.00,114.00,10551.00,15.00,65.00
3636,3,0.9851,35.87,7.00,118.00,10634.00,14.00,108.00
3636,4,0.9904,37.48,8.00,111.00,10285.00,9.00,73.00
3636,5,0.9893,36.66,5.00,74.00,11758.00,9.00,135.00
3636,6,0.9948,38.05,4.00,19.00,11544.00,2.00,63.00
3636,7,0.9945,39.43,3.00,26.00,12334.00,6.00,74.00
3636,8,0.9946,40.21,0.00,99.00,15022.00,17.00,90.00
3636,9,0.9914,39.06,0.00,155.00,14224.00,22.00,87.00
,,,,,,,,
Avg,,0.8837,28.1507,14.8404,96.6271,24031.8790,579.7791,795.2943
